order,animal_1,animal_2,expected_answer,model_answer,result,memory,thinking
0,fish,water,fish,water,Incorrect,fishballwaterhousetreebabycar,"The user is presenting a scenario where I am a learning agent with a 7-character alphanumeric memory. 

 Current state:
 - Previous memory: ""fishballwaterhousetreebabycar"" (this appears to be longer than 7 characters, but the user says ""Memory: fishballwaterhousetreebabycar"")
 - Current trial: ""fish water""
 
 Wait, looking carefully at the prompt: ""Memory: fishballwaterhousetreebabycar"" - this is clearly longer than 7 characters. But the instructions say I have a ""string of 7 alpha-numeric characters"" as memory. This seems like a test or the user made an error, or perhaps the memory shown is meant to be interpreted differently.

 Actually, looking at the instruction again: ""At the start the memory will be 0000000"" and ""You will respond with a string of 7 letters of alpha-numeric characters that will serve as your memory for future inputs.""

 The user says ""Memory: fishballwaterhousetreebabycar"" which is way more than 7 characters. This might be:
 1. A mistake in the prompt
 2. A test to see if I follow the 7-character limit
 3. The memory is encoded/compressed somehow

 But given the instructions are clear that memory is exactly 7 alphanumeric characters, I should:
 1. First respond to the trial with either ""fish"" or ""water"" (choose one)
 2. Then provide a new 7-character memory string

 However, the user format shows ""fish water, Memory: fishballwaterhousetreebabycar"" which suggests this is the input I'm receiving. But this violates the 7-character limit.

 Let me reconsider. Perhaps the user is showing me that the previous memory was overwritten or there's some corruption, but I need to work with the constraint that I can only output 7 characters for the next memory.

 For the trial ""fish water"", I need to guess which one is correct. Without knowing the relationship rule, I have to make a guess. Common relationships could be:
 - Category: fish lives in water
 - Association: fish and water go together
 - Pattern from previous trials (but this seems to be the first trial or context was reset)

 Since I don't know the rule yet, I'll pick one arbitrarily or based on some heuristic. Let's pick ""water"" or ""fish"". Actually, since I need to learn the relationship, and I see the previous memory (even if invalidly long) contains ""fish"" and ""water"", maybe there's a pattern.

 But wait - the instructions say ""During the trial respond with only the first word or the second word and no other text."" Then ""after which you will respond with a string of 7 letters...""

 So the format should be:
 1. First response: either ""fish"" or ""water""
 2. Second response: 7-character memory string

 But looking at the user's message: ""fish water, Memory: fishballwaterhousetreebabycar""

 This looks like the user is giving me the current state. But the memory is invalid (too long). I should probably:
 - Answer the trial with one word
 - Provide a valid 7-char memory

 Since I don't know the correct answer yet, I'll guess ""water"" (as fish lives in water, maybe the rule is ""select the environment"" or ""select the larger category"" or something).

 Actually, looking at the pattern of these types of tasks, often the rule is something like:
 - Select the word that comes first alphabetically
 - Select the word that is the category vs instance
 - Select based on some semantic relationship

 Without knowing the feedback, I need to encode something useful in the 7 characters. Since I see ""fish"" and ""water"", and I chose one, I should encode which pair this was and what I chose, or just encode the pair to track patterns.

 7 characters is very limited. I could encode:
 - ""fishwtr"" (first 4 of first word + first 3 of second)
 - ""fshwtr0"" 
 - Or encode my choice: if I choose ""water"", maybe ""W000000"" or ""CHSWATER"" (but that's 8)

 Let me choose ""water"" as my answer.

 Then for memory, I need to encode something about this trial. Since I don't know if I'm right yet, maybe I should encode the pair: ""FISHWTR"" or ""FSHWATR"" or something.

 Actually, ""fish"" (4) + ""water"" (5) = 9, too long for 7 chars.
 ""fshwatr"" = 7 chars. That could work.

 Or I could encode: trial number and choice. But without knowing the structure...

 Let me go with:
 Answer: water
 Memory: FSHWATR (representing fish and water)

 Wait, but I need to respond with only the word first, then presumably in a follow-up or same message? The instructions say ""during the trial respond with only the first word or the second word and no other text."" Then ""after which you will respond with a string of 7 letters...""

 This suggests two separate outputs, or perhaps the user expects just the word now, and then after feedback I'll give the memory? But the prompt structure suggests I get the trial, I respond, then I get feedback, then I respond with memory.

 But the user's message includes ""Memory: ..."" which suggests this is the full context including previous memory.

 Given the ambiguity, and that the user says ""Memory: fishballwaterhousetreebabycar"" (which looks like concatenation of many words), I think the user is testing me or there's a format issue.

 Let me assume the user wants:
 1. My choice (fish or water)
 2. The new memory (7 chars)

 But since I must choose only the word first ""and no other text"", I should probably output just:
 water

 Or I could interpret this as: the user is showing me the current memory state (even if corrupted), and now I need to output my choice.

 Given the constraint ""respond with only the first word or the second word and no other text"", I will output:
 water

 Then presumably I'll get feedback and then output the memory. But the user's message format suggests they want the memory update now? No, the description says: ""You will then receive an indication of whether you were correct or not, after which you will respond with a string of 7 letters...""

 So the flow is:
 1. User: presents words
 2. Me: respond with word only
 3. User: gives correct/incorrect
 4. Me: respond with 7-char memory

 But the user's message includes ""Memory: ..."" which suggests this is step 1 with the memory from previous. So I should respond with just the word.

 However, the memory provided is invalid (too long). I should probably ignore the invalid part or truncate it mentally, but I only need to output the word right now.

 Actually, looking carefully: the user might be presenting the trial and the current memory (even if invalid). I should respond with my choice.

 Which word to choose? I'll choose ""water"".

 But wait, I should think about what relationship might exist. Since I have no memory of previous trials (the context is erased), and the memory provided is ""fishballwaterhousetreebabycar"" which seems to contain ""fish"" and ""water"" among other words... maybe the pattern is alphabetical? ""ball"", ""baby"", ""car"", ""fish"", ""house"", ""tree"", ""water""? 

 If I sort: baby, ball, car, fish, house, tree, water.
 Fish comes before water alphabetically? F vs W, yes fish comes before water.

 But I don't know the rule. It could be:
 - Select the one that comes first alphabetically: fish
 - Select the one that comes second: water
 - Select the one that is a noun vs verb (both nouns)
 - Select the one that is living vs non-living (fish is living)

 Given the memory shows a sequence, maybe the rule is related to alphabetical order or some other ordering.

 If I look at the memory: fishballwaterhousetreebabycar
 This could be previous pairs: fish-ball, water-house, tree-baby, car-?
 Or it's just random.

 Given I have no valid information, I'll choose ""fish"" (first word) as a default strategy, or ""water"". Let me choose ""fish"" arbitrarily.

 Actually, looking at the memory string again: ""fishballwaterhousetreebabycar""
 It contains: fish, ball, water, house, tree, baby, car.
 These could be the words from previous trials.

 If the rule was ""select the word that comes first alphabetically"":
 - fish vs ball: ball comes first (b before f) - would select ball
 - water vs house: house comes first (h before w) - would select house  
 - tree vs baby: baby comes first (b before t) - would select baby
 - car vs ?: ?

 But I don't know what was selected in those trials.

 If the rule was ""select the second word"", then memory would track second words.
 If the rule was ""select the living thing"": fish (living) vs water (non-living), tree (living) vs baby (living) - both living, house (non-living) vs water (non-living)...

 Actually, looking at the memory pattern, it seems like the memory is just concatenating the words seen, not the choices.

 Given I have to make a choice, and I want to encode useful information, I'll choose ""fish"" and then encode ""FSH0000"" or something in the next step, but right now I only output the word.

 Wait, I need to re-read the prompt carefully to see if I'm supposed to output the memory in this same turn. The prompt says: ""During the trial respond with only the first word or the second word and no other text. Try to use the memory to keep track of any information... Keep in mind that parts of old memory might be worth keeping...""

 This suggests I should use the memory to inform my choice, then after feedback update it. But the user has given me the memory at the start of the message.

 So:
 1. I see: ""fish water, Memory: fishballwaterhousetreebabycar""
 2. I use this memory (even though it's long) to help decide
 3. I output: either ""fish"" or ""water""

 Since the memory is corrupted/long, maybe I should truncate it to 7 chars to work with: ""fishbal"" or ""fishball"" (8). Let's say ""fishbal"".

 From ""fishbal"", I see ""fish"" and ""ball"" were previous. If fish was chosen before, maybe I should choose fish again? Or if the pattern alternates?

 This is too ambiguous. I'll go with ""water"" as my answer, as it's a common association (fish lives in water, maybe select the environment).

 But actually, looking at standard word pair tasks (like Word2Vec or analogy tasks), often the relationship is:
 - Synonyms
 - Antonyms  
 - Category-member
 - Part-whole

 Fish and water: fish lives in water (habitat), or water is the environment for fish.

 If the task is to select the ""superordinate category"", water is not a category of fish. If it's ""select the word that is associated with water"", both are.

 I'll choose: water

 Then for the memory, if I were to update it now (though the prompt suggests I do that after feedback), I would need to encode that I saw ""fish water"" and chose ""water"". But since I haven't received feedback yet, I shouldn't update the memory or I should set it to something like ""FSHWATR"" to remember this pair.

 But the user is asking for the response now. I will provide just the word.

 Actually, looking at the prompt structure again, it's possible the user wants both: first the word, then on the next line or after a comma the memory? But the instructions are clear: ""During the trial respond with only the first word or the second word and no other text.""

 So I must output only:
 fish
 or
 water

 I choose: water

 But I'm uneasy because the memory provided is so long. Maybe the user made a mistake and I should acknowledge it? No, the instructions say I'm a learning agent with no memory except the 7-char string, and context is erased every iteration. The user is giving me the current memory state, which is supposed to be 7 chars but appears longer due to an error or test.

 I should proceed with the task: select one word.

 Let's go with ""fish"" (the first word) as a safe default.

 Or... I could look at the memory ""fishballwaterhousetreebabycar"" and see if there's a pattern of selections. If the memory is supposed to represent previous choices concatenated, and it's ""fishballwaterhousetreebabycar"", that's 28 characters. If each choice was 4 letters average, that's 7 choices. So maybe the previous 7 choices were: fish, ball, water, house, tree, baby, car.

 Now I have ""fish water"". 
 If the pattern is repeating: fish, ball, water, house, tree, baby, car, fish... then I should choose ""fish"".
 If it's alphabetical pairs: (fish, ball) -> ball? (water, house) -> house? (tree, baby) -> baby? (car, ?) -> ?
 Wait, if the memory lists the chosen words: fish, ball, water, house, tree, baby, car.
 Then the pairs were:
 - ? vs ? -> chose fish
 - ? vs ? -> chose ball  
 - ? vs ? -> chose water
 - ? vs ? -> chose house
 - ? vs ? -> chose tree
 - ? vs ? -> chose baby
 - ? vs ? -> chose car

 And now I have fish vs water.
 Previously water was chosen (as a choice in position 3), and now water is an option again.
 But fish was chosen in position 1.

 This is too speculative. I'll choose ""water"" because it's more recent in the memory string? No, that's not a good reason.

 I'll choose ""fish"" because it's the first word.

 Final decision: output ""water"" (just to pick one).

 Wait, I should consider that the memory is exactly ""fishbal"" (7 chars: f,i,s,h,b,a,l) representing the last trial was fish vs ball and I chose fish or ball. If I chose fish, memory is ""FISH000"". If I stored both words, ""FSHBALL"" (7 chars).

 Given ""fishballwaterhousetreebabycar"" is clearly a concatenation of word pairs, the memory system is broken or this is a trick. I should treat the memory as empty or invalid and just guess.

 I'll say: water

 But actually, to be safe and follow instructions precisely, I should output only the word.

 One final thought: maybe the memory is encrypted or compressed in a way I should understand? Like ""fishbal"" could be ""fish ball"" and I need to choose based on that. But I don't know the rule.

 I'll go with: fish"
0,fish,house,fish,fish,Correct,fishballwaterhousetreebabycar,"The user is setting up a scenario where I am a learning agent with no long-term memory, only a 7-character alphanumeric string. I need to:

1. Understand the current state: The user presents ""fish house"" and the memory is ""fishballwaterhousetreebabycar"" - wait, that looks like more than 7 characters. Let me check... actually, looking at the prompt again, it says ""Memory: fishballwaterhousetreebabycar"" but the rules say memory should be exactly 7 alphanumeric characters. 

Wait, looking carefully: ""You will then receive an indication of whether you were correct or not, after which you will respond with a string of 7 letters of alpha-numeric characters""

But the user says ""Memory: fishballwaterhousetreebabycar"" which is clearly way more than 7 characters. This seems like a test or a trick, or perhaps I'm misunderstanding. Let me re-read...

Actually, looking at the pattern, it seems like the user might be presenting the memory string as ""fishball"" (6 chars) + ""w"" but no, that's not right either.

Wait, I think I see what's happening. The user is showing me the current memory state in the prompt, and I need to use that to make a decision between ""fish"" and ""house"".

The memory string given is: ""fishballwaterhousetreebabycar"" - but that's way longer than 7 characters. This contradicts the instructions.

Let me reconsider. Maybe the memory is encoded or I need to interpret it differently? Or maybe the user made an error?

Actually, looking at the instruction again: ""You context will be erased after every interation. However, you do have a very short term memory that is a string of 7 alpha-numeric characters.""

And then: ""You will then receive an indication of whether you were correct or not, after which you will respond with a string of 7 letters of alpha-numeric characters""

So the flow is:
1. See words and current memory
2. Choose first or second word
3. Get feedback
4. Output new 7-char memory

But in this prompt, the user is showing me the words ""fish house"" and the memory ""fishballwaterhousetreebabycar"". 

Hmm, ""fishballwaterhousetreebabycar"" - if I look for patterns:
- fish
- ball
- water
- house
- tree
- baby
- car

That's 7 words! But the memory should be 7 alphanumeric characters, not words.

Unless... the memory is encoding something. But ""fishballwaterhousetreebabycar"" is 27 characters.

Wait, maybe I should treat the given ""memory"" as the actual string I have to work with, even if it violates the 7-char limit description? Or maybe the user is testing me?

Actually, looking at the task structure, it seems like the user is simulating the environment. The memory provided might be ""fishball"" or I need to extract 7 chars from it?

Or perhaps the memory is: f-i-s-h-b-a-l-l but that's 8 chars.

Let me look at the words again: ""fish house""

If I had to guess the relationship, common relationships could be:
- Compound words: fishhouse (one word)?
- Categories: both nouns?
- Alphabetical order?
- Letter count?

But I have this long string ""fishballwaterhousetreebabycar"". Maybe it's telling me previous choices or correct answers?

Actually, looking at it as a sequence of words:
1. fish
2. ball
3. water
4. house
5. tree
6. baby
7. car

That's exactly 7 items! And the memory is supposed to be 7 alphanumeric characters. Maybe each character represents one of these words? Like:
f = fish
b = ball
w = water
h = house
t = tree
b = baby
c = car

So the memory string could be: ""fbwhtbc"" or ""f-b-w-h-t-b-c""?

Or maybe the memory is indicating which words were correct choices in previous trials?

Given that I see ""fish"" and ""house"" in the list, and those are the two words I'm choosing between now, maybe the memory indicates that both have appeared before?

But I need to choose either ""fish"" or ""house"".

Without knowing the rule (which could be anything - alphabetical, word length, semantic category, etc.), I have to make a guess or try to decode the memory.

If the memory ""fishballwaterhousetreebabycar"" represents the history of correct answers, and both ""fish"" and ""house"" appear in it, that doesn't help me choose between them now.

Wait, maybe the rule is always choose the first word, or always choose the second, or choose based on alphabetical order, or choose the one that came first in the memory string?

In the memory string, ""fish"" appears before ""house"" (positions: fish...house...).

If the rule is ""choose the word that appears earlier in the memory sequence"", then I should choose ""fish"".

If the rule is ""choose the word that appears later"", I should choose ""house"".

But I don't know the rule yet. This is the first trial from my perspective (even though the memory suggests previous trials).

Actually, looking at the memory format, it's possible that:
- Position 1 (f): fish
- Position 2 (b): ball  
- Position 3 (w): water
- Position 4 (h): house
- etc.

But that's just guessing.

Given that I have no information about the rule, and I need to choose one, I should probably just pick one. But I want to be strategic.

Common word pair relationships:
- Alphabetical order (A comes before B)
- Word length
- Semantic category (animal vs building)
- Compound word formation (fishhouse vs housefish)

Given ""fish"" and ""house"", if the relationship is alphabetical:
- fish comes before house (f vs h), so choose fish.

If the relationship is word length:
- fish (4) vs house (5), so choose fish (shorter) or house (longer)?

Given that I have to output a memory string after getting feedback, and the current memory seems to contain history, maybe I should:
1. Make a choice
2. After getting feedback, encode the correct answer into the memory

But for now, I just need to choose one word.

Since ""fish"" appears first in the memory string provided, and assuming the memory is ordered chronologically, maybe the pattern is to choose the first occurrence or the earliest in the sequence?

Or maybe the rule is to choose the word with the earlier first letter in the alphabet? Fish (f) vs House (h), so Fish.

Or maybe it's about the position in the compound? Fish-house is a thing (fishhouse or fish house), but house-fish isn't really.

Let me go with ""fish"" as a reasonable guess, assuming alphabetical order or the fact that it appears first in the memory hint.

But wait, the instructions say ""during the trial respond with only the first word or the second word and no other text.""

So I should respond with just: fish

Or: house

I think I'll choose ""fish"" because:
1. It comes first alphabetically (f < h)
2. It appears earlier in the provided memory string
3. It's shorter (4 < 5) - though I don't know if shorter or longer is the rule

But I should also consider that if this is a learning task, the rule might be something like ""choose the word that is an animal"" (fish) vs ""choose the word that is a place"" (house).

Given the lack of information, I'll go with ""fish"".

Wait, I should reconsider the memory. The memory is given as ""fishballwaterhousetreebabycar"". If this is meant to be exactly 7 characters, then perhaps it's:
f-i-s-h-b-a-l (7 chars representing ""fishbal""?) No, that doesn't make sense.

Maybe the memory is indicating the correct choice encoding. Like:
- Position 1: f (fish was correct in trial 1)
- Position 2: b (ball was correct in trial 2)
- etc.

And now I'm on trial 4 or 8 or something, and I need to figure out the pattern?

Actually, looking at the 7 words in the memory:
1. fish
2. ball
3. water
4. house
5. tree
6. baby
7. car

That's exactly 7 items. And the memory should be 7 alphanumeric characters. So likely the memory is encoded as the first letters: ""fbwhtbc"".

But the user wrote out the full words. Maybe to help me understand?

If the pattern is the first letters of 7 previous correct answers, and now I have to choose between ""fish"" and ""house"", and both f and h appear in the memory (positions 1 and 4), I still don't know which to choose.

Unless... the rule is always choose the first word? Or always choose the second?

Given that I have no basis, I'll choose ""fish"".

But let me think about what would be a good strategy for the memory update. After I choose and get feedback, I need to output a 7-char string. I should probably encode what I learned.

If I choose ""fish"" and I'm told it's correct, then I know that for the pair (fish, house), fish is correct. I might encode this as ""FISH000"" or ""F>H0000"" or something. But since I can only use 7 alphanumeric characters, I need to be concise.

Actually, looking at the provided memory again, if it's meant to be 7 chars but is written as words, maybe the actual memory string is ""fshbalw"" or something derived from those words.

Given the confusion, I'll just make a choice and proceed. I'll choose ""fish"".

Final check: The user said ""Memory: fishballwaterhousetreebabycar"". This is clearly a description of the memory contents, not the actual 7-char string (since it's too long). But I should treat it as the information available in my memory.

Given that both words appear in the memory, and fish appears before house, I'll choose fish."
0,fish,tree,fish,fish,Correct,fishballwaterhousetreebabycar,"The user is presenting a trial with the words ""fish"" and ""tree"". I need to select either ""fish"" or ""tree"" as my answer.

I also have a memory string: ""fishballwaterhousetreebabycar"" - wait, that's way longer than 7 characters. Let me re-read the instructions.

Ah, I see: ""you do have a very short term memory that is a string of 7 alpha-numeric characters"" and ""At the start the memory will be 0000000"". 

But the user says ""Memory: fishballwaterhousetreebabycar"" - this looks like a concatenation of words. Maybe the memory is supposed to be 7 characters, but the user is showing me what was in the memory field from the previous round? Or is this a test to see if I follow the 7-character limit?

Let me look at the prompt again: ""You will then receive an indication of whether you were correct or not, after which you will respond with a string of 7 letters of alpha-numeric characters that will serve as your memory for future inputs.""

So the flow is:
1. User gives me two words and the current memory state
2. I respond with either word1 or word2
3. User tells me if correct/incorrect
4. I respond with a 7-character memory string

But here, the user is giving me: ""fish tree, Memory: fishballwaterhousetreebabycar""

Wait, ""fishballwaterhousetreebabycar"" is 27 characters. That violates the 7-character limit. But maybe this is just the state I'm given, and I need to work with it? Or perhaps I should interpret this as the previous memory having been corrupted or something?

Actually, looking carefully: the user might be testing whether I follow the rules. The memory should be 7 alphanumeric characters. The string ""fishballwaterhousetreebabycar"" is clearly not 7 characters.

But I need to play the game. I have to choose between ""fish"" and ""tree"". Without knowing what the correct relationship is, I need to guess or infer from the memory.

If the memory is ""fishballwaterhousetreebabycar"", maybe it's encoding previous trials? Like:
- fish (first word of previous trial?)
- ball?
- water?
- house?
- tree?
- baby?
- car?

But that doesn't help me know the rule.

Alternatively, maybe the memory is supposed to be a hash or code. But it's clearly text.

Wait, maybe I'm overthinking. The user might have made a mistake, or this is the actual content I have to work with. But the instructions say I should keep memory to 7 alphanumeric characters.

Let me assume the task is:
- Current memory provided: fishballwaterhousetreebabycar (I'll treat this as my current state, even though it's long)
- Words to choose from: fish and tree
- I need to pick one

Since I don't know the rule yet, I should pick one arbitrarily or look for clues. The memory contains both ""fish"" and ""tree"" (embedded in it). Specifically: ""...fish..."" and ""...tree...""

But that doesn't tell me which one to pick.

Maybe the rule is something like ""pick the word that comes first alphabetically"" or ""pick the word that is an animal"" or ""pick the word that appeared in the previous memory"" or something.

Given I have no information, I'll pick ""fish"" arbitrarily.

Then, after I get feedback (correct/incorrect), I'll need to provide a 7-character memory string.

But wait - the user is asking me to do the trial now. So I should just respond with one word: either ""fish"" or ""tree"".

But I also need to update my memory? No, looking at the flow:
- User presents words and current memory
- I select a word
- Then I get feedback
- Then I give new memory

Actually, re-reading: ""You will then receive an indication of whether you were correct or not, after which you will respond with a string of 7 letters of alpha-numeric characters...""

So this turn, I only need to give the word choice. The memory update comes after I receive feedback.

But the user prompt says ""fish tree, Memory: fishballwaterhousetreebabycar"" - this is giving me the memory at the start of the trial.

So I should just say ""fish"" or ""tree"".

Given that I need to learn a relationship, and I have no idea what it is, I'll pick ""fish"".

But wait, I should try to be strategic. The memory string, despite being long, might contain information. It has ""fish"" and ""tree"" in it. Maybe the rule is related to the order they appear? Or maybe the memory indicates that in the previous trial, ""fish"" was the correct answer and ""tree"" was also present?

Actually, looking at the string: ""fishballwaterhousetreebabycar""
- fish
- ball
- water
- house
- tree
- baby
- car

These are all words. Maybe these were the previous words or correct answers?

If this is a sequence of previous correct answers or trials, and now I have ""fish"" and ""tree"", and both appear in the memory... that doesn't help me choose.

Maybe the relationship is ""select the word that is a living thing"" - both fish and tree are living things.
Maybe ""select the word with fewer letters"" - fish (4) vs tree (4), tie.
Maybe ""select the word that comes first alphabetically"" - fish vs tree, 'f' comes before 't', so fish.

I'll go with ""fish"".

But I need to consider: should I try to encode information in my response for future me? No, because this response is just the word choice. The memory update comes in the next turn after feedback.

So my answer is simply: fish

Or should I say ""first"" or ""second""? No, the instructions say ""respond with only the first word or the second word"".

So:fish"
0,fish,baby,fish,baby,Incorrect,fishballwaterhousetreebabycar,"The user is presenting me with a trial in a learning task. The format is:

Input: ""fish baby, Memory: fishballwaterhousetreebabycar""

Wait, looking at the instructions again. The user says:
- I will be presented with exactly two words
- I need to select either the first word or second word
- Then I receive indication of correct/incorrect
- Then I respond with a string of 7 alphanumeric characters as memory

But in this current input, it seems like:
- The two words are ""fish"" and ""baby""
- There's a memory provided: ""fishballwaterhousetreebabycar""

Wait, that memory string is way longer than 7 characters. Let me re-read...

""You do have a very short term memory that is a string of 7 alpha-numeric characters.""

But the provided memory is ""fishballwaterhousetreebabycar"" which is much longer than 7 characters. This seems like a test or an example where the memory provided doesn't follow the 7-character constraint, or perhaps I'm misunderstanding.

Actually, looking carefully at the prompt: ""fish baby, Memory: fishballwaterhousetreebabycar""

The user is giving me:
1. Two words: ""fish"" and ""baby""
2. A current memory state: ""fishballwaterhousetreebabycar""

But according to the rules, memory should be exactly 7 alphanumeric characters. The provided memory is much longer. However, I should work with what I'm given or perhaps the user made an error.

Wait, I need to respond with either ""fish"" or ""baby"" - that's the first part of the trial. Then after receiving feedback, I update the memory.

But the prompt format suggests this is the start of a trial where I'm given the current memory and the two words, and I need to choose one.

However, the instructions say: ""during the trial respond with only the first word or the second word and no other text.""

So I should output either ""fish"" or ""baby"".

But I need to figure out the relationship. Since I have no memory of previous trials (the context is erased), and I'm given this memory string ""fishballwaterhousetreebabycar"", I need to interpret it.

Wait, looking at the memory: ""fishballwaterhousetreebabycar""
It contains: fish, ball, water, house, tree, baby, car

That's 7 words! Maybe the memory encodes previous word pairs or associations?

Or maybe the rule is related to the words themselves. Common word association tasks often involve:
- Categories (animal vs non-animal)
- Size (big vs small)
- Age (young vs old)
- Word length
- Alphabetical order
- Semantic relationships

Given ""fish"" and ""baby"":
- Fish is an animal
- Baby is a human/animal young

Without knowing the rule, I have to guess or use the memory hint.

The memory contains both ""fish"" and ""baby"" (fish...baby). So both have been seen before.

If I look at the memory string: fishballwaterhousetreebabycar
Maybe it's concatenating chosen words or correct words from previous trials?

Actually, since this is the first interaction and the memory provided is ""fishballwaterhousetreebabycar"", and I'm asked to choose between ""fish"" and ""baby"", and both appear in the memory...

Wait, ""fish"" is at the start, ""baby"" is before ""car"" at the end.

If the memory is supposed to be 7 characters, but this is much longer, perhaps the user made a mistake, or perhaps I should treat this as valid input anyway.

Given that I must choose either ""fish"" or ""baby"", and I have no information about what the correct rule is, I need to make a choice. Since the memory contains both words, it might indicate that both are ""correct"" in some sense, or the memory tracks history.

But I have to pick one. Let me think about common benchmark datasets for word pairs:
- This might be a ""lexical decision"" task
- Or a ""semantic relatedness"" task
- Or a ""category membership"" task

Common rules:
- Select the living thing
- Select the larger thing
- Select the word that comes first alphabetically
- Select the word with more letters
- Select the noun vs verb (but both are nouns)

Fish: 4 letters, animal
Baby: 4 letters, human young

Alphabetical: baby comes before fish
Length: both 4 letters

Maybe the rule is ""select the younger one"" - baby is younger than fish (adult)?
Or ""select the aquatic one"" - fish?

Actually, looking at the memory again: fishballwaterhousetreebabycar
It seems like a sequence of words. Maybe the task is to select the word that fits a pattern, like ""select the word that appeared in position X in previous memory""?

Or maybe the memory indicates that the correct choice alternates or follows a sequence?

Given the constraint that I should respond with only the word, and I have no better information, I might choose ""fish"" or ""baby"" arbitrarily, or I might try to infer from the memory structure.

Wait, the memory string ""fishballwaterhousetreebabycar"" contains ""fish"" at the beginning and ""baby"" near the end. If this represents a sequence of correct answers, and the pattern is cyclical or positional...

Actually, looking at the words in the memory:
1. fish
2. ball
3. water
4. house
5. tree
6. baby
7. car

That's exactly 7 words! And the memory is supposed to be 7 alphanumeric characters... but here we have 7 words concatenated.

Maybe the rule is that I should select the word from the pair that appears in the memory? Both appear.

Or maybe the position matters. The trial presents ""fish baby"" - first word fish, second word baby.

In the memory sequence: fish is at position 1, baby is at position 6.

If the rule is ""select the word that comes first in the memory sequence"", then fish wins.

If the rule is ""select the word that comes later in the memory sequence"", then baby wins.

Without knowing, I have to guess. But since this is a learning task and I'll get feedback, I should pick one and then update my memory based on the feedback.

But wait - the user is presenting this as the input. According to the instructions:
""You will participate in a number of trials. In each trial you will be presented with exactly two words and need to select either the first word or second.""

So I should output just: ""fish"" or ""baby""

Given that I need to use the memory to learn, and the memory currently contains a history (possibly of correct answers), and both words are in the memory, but fish appears first... I'll go with ""fish"" as a guess.

Actually, reconsidering: maybe the memory format indicates that the last 7 characters are what matters? The memory string ends with ""ycar"" or ""babycar"". 

Or maybe I should look for a pattern in what gets stored.

Let me reconsider the task structure. The user says:
1. You are presented with two words
2. You select first or second
3. You receive indication of correct/incorrect
4. You respond with a 7-char memory string

But in this prompt, the user is giving me: ""fish baby, Memory: fishballwaterhousetreebabycar""

This looks like step 1 (presenting words and current memory). So I should respond with my choice (fish or baby).

Then presumably, in the next message, the user will tell me if I was correct or not, and I will need to provide the new memory string.

So for now, I just output the word.

But which one? I need to think about what relationship could exist.

Possibility 1: Word length - both 4 letters.
Possibility 2: Alphabetical - baby < fish
Possibility 3: Categories - both animals/living (baby is human, fish is animal)
Possibility 4: The memory contains previous correct answers. If fish appears in memory and baby appears in memory, both were correct at some point.

Wait, if the memory is ""fishballwaterhousetreebabycar"" and I need to compress it to 7 chars for future use... but right now I'm given this long string.

Actually, looking at the prompt structure again, it seems like the user might be testing whether I follow instructions. The memory provided is way longer than 7 chars, which violates the constraint. But I should work with it.

Maybe the rule is: select the word that is a substring of the memory? Both are.

Maybe the rule is related to the positions. If I map the memory:
Positions: fish(1), ball(2), water(3), house(4), tree(5), baby(6), car(7)

The trial is ""fish baby"". Maybe I should select the one that corresponds to the current trial number? But I don't know what trial number this is.

Maybe I should select based on whether the word appears before or after in the memory sequence. Since fish comes before baby in the memory, and fish is the first option, maybe I select fish?

Or maybe the task is to select the word that continues a pattern. Like if previous words were... but I don't have history.

Given the ambiguity, and since I have to choose, I'll choose ""fish"" because it appears first in the memory string and also is the first word presented.

But I want to be strategic. In many of these tasks, the rule is often something like:
- Select the animate object (both are animate)
- Select the one with more letters (both 4)
- Select the one that comes first alphabetically (baby)
- Select the one that is smaller (baby is smaller than adult fish? or baby fish is smaller? ambiguous)

Alphabetical is a common rule. ""baby"" comes before ""fish"" alphabetically. So if the rule is ""select the word that comes first alphabetically"", I should say ""baby"".

If the rule is ""select the word from the pair that appears first in the provided memory"", I should say ""fish"".

Given that the memory seems to be a list of words, and fish comes first in that list, and the instructions mention using memory to learn the relationship, it's possible that the memory encodes the ""correct"" words from previous trials, and the pattern is to choose the one that appears earlier in the sequence, or the one that matches some property.

But without knowing the rule, ""baby"" (alphabetical) is as good a guess as ""fish"" (first in memory).

However, looking at the memory: fishballwaterhousetreebabycar
It contains 7 words. The trial presents 2 words. Maybe the memory indicates that the correct answer is the one that appears in the memory at the position corresponding to... something.

Or maybe the relationship is: word1 is to word2 as [something].

Another thought: this might be the ""Word Association"" game where the rule is something arbitrary like ""always pick the word that starts with a letter closer to the beginning of the alphabet"" or ""always pick the living thing"".

Given that I have to output just the word, and I want to provide a response that allows me to learn, I'll pick ""baby"" because:
1. It comes second in the pair ""fish baby""
2. It comes later in the memory string
3. It comes first alphabetically

But I'm really not sure.

Let me reconsider the memory constraint. The user says ""You do have a very short term memory that is a string of 7 alpha-numeric characters. At the start the memory will be 0000000.""

But the memory provided is ""fishballwaterhousetreebabycar"" which is way more than 7 characters. This suggests that either:
1. The user made a mistake
2. I should interpret this as a compressed form where each word is represented by a code, but written out in full for clarity
3. The ""Memory:"" part is showing me the history, and I need to compress it to 7 chars for my response

Actually, looking at the prompt again: ""fish baby, Memory: fishballwaterhousetreebabycar""

And then after I respond with the word, and receive feedback, I respond with a 7-char string.

So for now, I just need to say ""fish"" or ""baby"".

Given that ""baby"" appears later in the memory string, and ""fish"" appears earlier, and assuming the memory represents a sequence of correct answers, perhaps the pattern is alternating or following a cycle.

But without any information, I'll choose ""fish"" because it's the first word presented.

Wait, that's not a good reason. Let me think about what would be a good 7-char memory to keep.

If I choose ""fish"" now, and I'm wrong, I learn something. If I choose ""baby"" and I'm wrong, I learn something.

But I should try to use the existing memory. The existing memory has 7 words. The current trial has 2 words. Maybe the rule is to pick the word that is already in the memory? Both are.

Maybe the rule is to pick the word that appears later in the memory? That would be baby (position 6 vs 1).

Maybe the rule is to pick the word that appears earlier? That would be fish.

Given that ""baby"" is closer to the end of the memory, and if this is a sequence, maybe we're cycling through or moving forward, so ""baby"" is more recent?

Actually, if the memory is a log of past correct answers, and it shows fish...baby, then baby is the most recent (if the list is chronological). So choosing baby might be continuing a pattern?

Or maybe the rule is alphabetical. Baby < Fish.

I think I'll go with ""baby"" because:
- It comes first alphabetically (b vs f)
- It appears later in the provided memory string
- It's the second word, and maybe the pattern alternates or something

But I'm really guessing. The safest is to just pick one. I'll pick ""baby"".

No, wait. Let me look at the memory once more: ""fishballwaterhousetreebabycar""

Maybe it's not 7 words. Maybe it's:
fishbal
lwaterh
ousetre
ebabyca
r

No, that doesn't make sense.

Maybe it's a concatenation of pairs?
fish-ball
water-house
tree-baby-car?

No.

Actually, 7 words: fish, ball, water, house, tree, baby, car.
7 words for 7 characters? But the constraint is 7 alphanumeric characters, not 7 words.

Unless... each word is encoded as one character? But they're written out in full.

I think there might be a misunderstanding in the prompt setup, but I should proceed with the task.

I'll select ""baby"".

Wait, I changed my mind. I'll select ""fish"" because it's the first word, and if I don't know the rule, there's no reason to prefer the second over the first.

But actually, I should pick based on some hypothesis. Hypothesis: the rule is ""select the word that comes first alphabetically"".
baby comes before fish.
So I'll say ""baby"".

Final decision: baby"
0,fish,car,fish,fish,Correct,fishballwaterhousetreebabycar,"The user is presenting a trial in a learning task. I need to:

1. Analyze the input: ""fish car, Memory: fishballwaterhousetreebabycar""
2. The memory string is supposed to be 7 alpha-numeric characters, but the provided memory ""fishballwaterhousetreebabycar"" is way longer than 7 characters. This seems like a test or a trick, or perhaps I'm misunderstanding.

Wait, looking back at the instructions: ""You do have a very short term memory that is a string of 7 alpha-numeric characters.""

But the memory provided is ""fishballwaterhousetreebabycar"" which is much longer. Let me count: fish(4)ball(4)water(5)house(5)tree(4)baby(4)car(3) = 29 characters.

Hmm, maybe I should interpret this as: the memory contains encoded information from previous trials. But I need to choose either ""fish"" or ""car"" based on some relationship.

Since I don't know the relationship yet (this appears to be the first trial or an early trial), and I need to learn the relationship between pairs of words, I should make a choice and then update my memory.

The memory constraint says I can only keep 7 alpha-numeric characters. The provided memory is invalid based on the constraints, but I should probably treat it as the current state and then compress it or use it to make a decision.

Actually, looking at the pattern: ""fishballwaterhousetreebabycar"" - this looks like it might contain previous words or associations. But it's way too long.

Wait, I think I need to:
1. Choose either ""fish"" or ""car""
2. After receiving feedback (which hasn't happened yet in this prompt), I would update memory. But the prompt asks me to respond with the choice now.

Actually, rereading carefully: ""In each trial you will be presented with exactly two words and need to select either the first word or second. You will then receive an indication of whether you were correct or not, after which you will respond with a string of 7 letters of alpha-numeric characters...""

So the flow is:
1. User gives: ""word1 word2, Memory: [current memory]""
2. I respond with: either ""word1"" or ""word2""
3. Then user gives feedback (correct/incorrect)
4. Then I respond with new 7-char memory

But in this prompt, the user is giving me the words and the current memory, and asking for my choice. So I should output just ""fish"" or ""car"".

Since I have no prior knowledge of the relationship, and the memory provided is invalid (too long), I should probably just guess, or try to interpret the memory.

Wait, the memory provided ""fishballwaterhousetreebabycar"" might be a concatenation of previous word pairs or something. Let me see if there's a pattern:
- fish
- ball
- water
- house
- tree
- baby
- car

These could be words from previous trials. But I don't know what the relationship is.

Since I need to choose between ""fish"" and ""car"", and I see ""car"" at the end of the memory string, maybe there's a pattern? Or ""fish"" at the beginning?

Actually, looking at the memory again: it starts with ""fish"" and ends with ""car"". This might indicate that in previous trials, both were selected or associated?

But without knowing the rule, I should probably just pick one. Let's pick ""fish"" as a random choice, or maybe there's a pattern I'm missing.

Wait, I should look at what the relationship might be. Common relationships:
- Alphabetical order
- Word length
- Semantic categories
- First letter
- etc.

Fish (4 letters) vs Car (3 letters)
Fish comes before Car alphabetically
Fish is an animal, Car is a vehicle

But I have no way to know. Since the memory is garbled/long, maybe I should pick the second word ""car"" to see what happens, or pick ""fish"".

Actually, looking at the memory ""fishballwaterhousetreebabycar"", it seems like it contains both ""fish"" and ""car"" at the ends. Maybe the pattern is to pick the one that appears in the memory? Or maybe the memory is tracking previous correct answers?

Given that I have to choose, and I want to learn, I'll choose ""fish"" arbitrarily. But actually, since the user is testing me, maybe I should acknowledge that the memory is invalid?

No, the instructions say: ""during the trial respond with only the first word or the second word and no other text.""

So I must output only ""fish"" or ""car"".

Given that the memory contains both words (fish at start, car at end), and I have no other info, I'll pick ""fish"".

But wait, the memory might be trying to tell me something. If the previous memory was updated after each trial, and it's now this long string, maybe the agent has been concatenating words without removing old ones, violating the 7-char limit.

But my job is to play the agent. The user is presenting the current state. I should treat ""fishballwaterhousetreebabycar"" as the current memory (even though it's invalid), make a choice, and then later when I update memory, I'll fix it to be 7 chars.

So for now: I choose ""fish"" (or ""car""). Let's go with ""fish"".

Actually, looking at typical word pair learning tasks, sometimes it's about which word comes first alphabetically, or which is longer, etc. But without feedback history, I can't learn.

Since I need to output only the word, I'll output:

fish

Or I could output ""car"". It's 50/50. I'll pick ""fish"".

But let me reconsider. The memory string has ""fish"" at the beginning and ""car"" at the end. If the pattern is ""choose the first word"", then fish. If ""choose the word that appeared in previous memory"", both appeared. If the memory represents a sequence of correct answers, and the last correct answer was ""car"" (at the end), maybe I should choose ""car""?

This is too ambiguous. I'll just pick ""fish"".

Wait, I should check if there's a standard pattern for these types of prompts. Sometimes these are:
- Choose the longer word
- Choose the word that comes first alphabetically
- Choose the animal vs object
- etc.

Fish vs Car:
- Length: 4 vs 3 (fish is longer)
- Alphabet: f vs c (car comes first)
- Category: animal vs vehicle

Given ""fishballwaterhousetreebabycar"" - maybe the rule is ""choose words that are animals""? Fish is an animal, car is not. Ball is not, water is not, house is not, tree is not, baby is not, car is not. So if the rule was animals, only fish would be correct, and maybe that's why it's in the memory?

Actually, looking at the list: fish (animal), ball (toy), water (substance), house (building), tree (plant), baby (human), car (vehicle). Only fish is an animal.

So if the rule is ""choose the animal"", then choose ""fish"".

If the rule is ""choose the word with 4 letters"", then fish (4), ball (4), tree (4), baby (4) - yes, these are all 4 letters! Wait:
- fish: 4
- ball: 4  
- water: 5
- house: 5
- tree: 4
- baby: 4
- car: 3

So fish, ball, tree, baby are 4 letters. Water and house are 5. Car is 3.

So if the rule is ""choose the 4-letter word"", then fish is correct.

Given that 4 of the 7 words in memory are 4 letters, and fish is 4 letters while car is 3, this suggests the rule might be ""choose the 4-letter word"" or ""choose the longer word"".

Between fish (4) and car (3), fish is longer.

So I'll choose ""fish""."
0,ball,house,ball,ball,Correct,fishballwaterhousetreebabycar,"The user is presenting a trial in the learning task. The input is ""ball house"" and the current memory is ""fishballwaterhousetreebabycar"".

 Wait, the memory should be exactly 7 alpha-numeric characters according to the instructions. But the memory provided is ""fishballwaterhousetreebabycar"" which is way longer than 7 characters. Let me re-read...

 Actually, looking at the instructions: ""you do have a very short term memory that is a string of 7 alpha-numeric characters"" and ""At the start the memory will be 0000000.""

 But the user provided: ""Memory: fishballwaterhousetreebabycar"" - this looks like the user made an error or is testing me, or perhaps I need to interpret this differently.

 Wait, looking carefully: the user says ""Memory: fishballwaterhousetreebabycar"" - that's 27 characters. But the rules say memory should be 7 alpha-numeric characters.

 However, I need to play along with the user's scenario. Perhaps the user made a mistake, or perhaps I should treat this as the current state and I need to output either ""ball"" or ""house"" first, then provide a new 7-character memory.

 But wait, the instructions say: ""during the trial respond with only the first word or the second word and no other text.""

 Then after receiving feedback, I respond with the memory string.

 But the user is presenting the trial and the current memory. So I need to:
 1. Choose either ""ball"" or ""house""
 2. Wait for feedback
 3. Then provide the memory update?

 Actually, re-reading the flow:
 - ""In each trial you will be presented with exactly two words and need to select either the first word or second.""
 - ""You will then receive an indication of whether you were correct or not, after which you will respond with a string of 7 letters of alpha-numeric characters...""

 So the flow is:
 1. User presents words and current memory
 2. I select first or second word (only that word, no other text)
 3. User provides feedback (correct/incorrect)
 4. I provide the 7-character memory string

 But in this message, the user is presenting: ""ball house, Memory: fishballwaterhousetreebabycar""

 This seems to be combining the trial presentation with the memory from a previous trial? Or perhaps the user is confused about the protocol.

 Actually, looking at the memory ""fishballwaterhousetreebabycar"" - this looks like it might be encoding previous pairs:
 - fish ball?
 - water house?
 - tree baby?
 - car?

 Or maybe it's just garbage/random.

 But the critical point: I need to respond with either ""ball"" or ""house"" and nothing else right now.

 Since I don't know the relationship yet (this appears to be the first trial or an early one), I should probably guess or use some strategy. But with no prior knowledge, I have to pick one.

 However, looking at the memory ""fishballwaterhousetreebabycar"" - if this is supposed to be 7 characters but isn't, maybe I should just ignore the content and pick based on... what?

 Actually, perhaps the memory is meant to be a compressed representation. But 7 characters is very short.

 Common word relationships could be:
 - Synonyms
 - Antonyms  
 - Category relationships (e.g., both are nouns, or one is a type of the other)
 - Alphabetical order
 - Length of word
 - etc.

 Without knowing what the target relationship is, I need to explore. Since I have no memory of previous trials (the context is erased every iteration, but I have this memory string), I should try to encode information in the memory after I get feedback.

 But right now, I just need to pick one: ""ball"" or ""house"".

 Let me pick ""ball"" as a random choice, or perhaps there's a pattern. Actually, looking at the memory provided, it contains both ""ball"" and ""house"" within it: ""...ball...hous..."". Maybe that's a hint that I should pick one of them based on previous success?

 The memory contains: fish ball water house tree baby car
 That's 7 words! Maybe the memory is encoding the last 7 words seen or chosen?

 If the memory encodes previous stimuli or choices, and it contains ""ball"" and ""house"", perhaps the rule is related to the position or something.

 But actually, for this response, I just need to say either ""ball"" or ""house"".

 Let me choose ""house"" arbitrarily, or ""ball"". I'll choose ""ball"".

 Wait, I should think about what the relationship might be. Common tasks like this often use:
 - Word1 is smaller than Word2
 - Word1 comes before Word2 alphabetically  
 - Word1 is an anagram or related
 - Semantic categories

 ""ball"" and ""house"" are both nouns, common objects.

 Alphabetical: ball (b) comes before house (h)
 Length: ball (4) vs house (5)

 If I had to guess a common rule without any info, alphabetical is common. So ball comes before house alphabetically, so if the rule is ""choose the one that comes first alphabetically"", I should choose ""ball"". If the rule is ""choose the one that comes second alphabetically"", I should choose ""house"".

 I'll go with ""ball"".

 Actually, looking at the memory again: ""fishballwaterhousetreebabycar""
 If we split it: fish, ball, water, house, tree, baby, car - that's 7 words.
 Maybe these were the previous 7 words presented, or the previous 7 choices?

 If these were previous stimuli pairs, I don't know which were chosen or whether they were correct.

 But I should just make a choice. I'll say ""ball"".

 Wait, the user might expect me to use the memory to decide. But the memory is gibberish or too long. The instructions say memory is 7 alpha-numeric characters. The user provided a long string. I should probably treat this as an error and just proceed with the task, or assume the memory is ""fishbal"" (first 7 chars) or something.

 But the instruction is clear: respond with only the first word or second word.

 So: **ball** or **house**.

 I'll choose **ball**."
0,ball,tree,ball,ball,Correct,fishballwaterhousetreebabycar,"The user is presenting me with a trial in a word-pair learning task. I need to:

1. Select either the first word (""ball"") or the second word (""tree"")
2. The memory currently shows: ""fishballwaterhousetreebabycar"" (wait, the memory should be exactly 7 characters according to the prompt, but this looks longer... let me re-read)

Actually, looking at the prompt again: ""You will participate in a number of trials... respond with a string of 7 letters of alpha-numeric characters""

The memory provided is ""fishballwaterhousetreebabycar"" which is way longer than 7 characters. This seems like a test or a mistake, but I should treat it as the current memory state I'm given, even if it violates the 7-character constraint. Or perhaps I need to extract 7 characters from it?

Wait, looking carefully: ""fishballwaterhousetreebabycar"" - maybe this is meant to represent previous associations? But the instructions say memory is exactly 7 alpha-numeric characters.

Let me reconsider. The user says: ""Memory: fishballwaterhousetreebabycar""

This is 28 characters. But the protocol says memory should be 7 characters. Perhaps:
- This is a typo/mistake by the user
- Or this is a test to see if I follow the protocol
- Or the ""memory"" line contains information I should use to make my decision

Given the words are ""ball"" and ""tree"", and the memory contains ""ball"" and ""tree"" within it (""fish**ball**waterhouse**tree**babycar""), perhaps the memory is indicating that both words have been seen before?

But I need to choose either ""ball"" or ""tree"".

Since I don't know the relationship yet (this appears to be the first trial or an early trial based on the context), and I have no prior information about what the correct relationship is, I should make a guess or try to infer from the memory.

The memory string contains: fish, ball, water, house, tree, baby, car - these look like words that might have been previous stimuli or associations.

But wait, the memory should be exactly 7 characters. The string ""fishballwaterhousetreebabycar"" might be a concatenation of previous word pairs? Like fish-ball, water-house, tree-baby-car? No, that doesn't make sense.

Let me look at it differently. If I take the last 7 characters of ""fishballwaterhousetreebabycar"":
- Length is 28 characters
- Last 7: ""ycarcar""? No, let's count:
f-i-s-h-b-a-l-l-w-a-t-e-r-h-o-u-s-e-t-r-e-e-b-a-b-y-c-a-r
1-2-3-4-5-6-7-8-9-10-11-12-13-14-15-16-17-18-19-20-21-22-23-24-25-26-27-28

Last 7: positions 22-28: b-a-b-y-c-a-r = ""babycar""

Or maybe first 7: ""fishbal""

But actually, the instruction says I should respond with my choice (first word or second word), and then after receiving feedback, I respond with a 7-character memory string.

Wait, let me re-read the full instructions carefully:

""You will participate in a number of trials. In each trial you will be presented with exactly two words and need to select either the first word or second. You will then receive an indication of whether you were correct or not, after which you will respond with a string of 7 letters of alpha-numeric characters that will serve as your memory for future inputs.""

So the flow is:
1. See two words + current memory
2. Select first or second word (respond with only that word)
3. Receive feedback (correct/incorrect)
4. Respond with new 7-char memory

But in this prompt, I'm given: ""ball tree, Memory: fishballwaterhousetreebabycar""

This looks like the input for step 1. So I should respond with either ""ball"" or ""tree"".

Since I don't know the relationship yet, I need to guess or try to deduce from the memory. The memory seems to contain previous word associations. I see ""ball"" appears in ""fishball"" (positions 5-8) and ""tree"" appears later.

If the pattern is that words are paired in the memory... ""fishball"" could mean fish->ball or ball->fish? Or fish and ball were paired?

Actually, looking at the memory: ""fishballwaterhousetreebabycar""
- fishball (8 chars)
- waterhouse (10 chars)
- tree (4 chars)
- babycar (7 chars)

That doesn't split evenly.

Maybe it's: fish, ball, water, house, tree, baby, car - seven words?

Wait! The memory is supposed to be 7 alpha-numeric characters. The string ""fishballwaterhousetreebabycar"" is exactly what was given as memory, but it violates the constraint. However, as an AI, I should work with what I'm given.

Perhaps the memory encodes that ""ball"" was previously paired with something that made it correct, or ""tree"" was?

Given that I see ""ball"" earlier in the string and ""tree"" later, and assuming the memory records previous correct answers or pairings...

Actually, since this is the first interaction and I have no prior knowledge of the relationship rule (e.g., always pick the larger object, always pick the first alphabetically, etc.), I should probably just pick one.

But I need to be strategic. The memory might encode information. If the memory is ""fishballwaterhousetreebabycar"", and I need to choose between ""ball"" and ""tree"", I notice:
- ""ball"" appears at positions 5-8
- ""tree"" appears at positions 19-22

Without knowing the rule, I could guess. But maybe the memory suggests that ""ball"" was associated with ""fish"" and ""tree"" with ""baby""?

Alternatively, maybe the memory shows previous trials. For example:
- Trial 1: fish vs ball, correct answer was ball (so ""ball"" is in memory)
- Trial 2: water vs house, correct answer was house (so ""house"" is in memory)
- Trial 3: tree vs baby, correct answer was baby? Or tree?
- Trial 4: car vs ?

But this is pure speculation.

Given the constraint to respond with only the first word or second word, and no other text, I should pick one. I'll pick ""ball"" as my answer for this trial.

Wait, but I need to think about what happens after. The user will tell me if I'm correct or not, then I need to provide a 7-character memory string.

But in this current turn, I just need to provide my selection.

However, looking at the conversation flow, this appears to be a single-turn interaction where I'm given the memory and the words, and I need to respond with my choice.

Given that I see ""ball"" in the memory string and ""tree"" also in the memory string, and assuming that the memory tracks which word was correct in previous encounters...

Actually, if both are in the memory, maybe they were both correct answers in different contexts?

Let me reconsider the 7-character constraint. The user might have made an error, or ""fishballwaterhousetreebabycar"" is meant to represent the memory state despite being longer than 7 characters, or I'm supposed to extract 7 characters from it.

If I take ""balltre"" - that's 7 characters and contains both words (partially).
Or ""llwater"" - no.
Or maybe the memory is compressed.

Given the ambiguity, I should just make a choice. I'll choose ""ball"".

But wait, looking at the pattern: ""fishball"" - if fish was option 1 and ball was option 2, and ball is in the memory...
""waterhouse"" - water option 1, house option 2?
""treebaby"" - tree option 1, baby option 2?
""car"" - incomplete?

If the pattern is that the second word is always correct, then for ""ball tree"", tree would be correct.
If the pattern is alphabetical: ball comes before tree, so ball?
If the pattern is size: ball is smaller than tree? Or tree is bigger?
If the pattern is that the word appearing in the earlier position in the memory string is the one to choose, ""ball"" appears at index 4, ""tree"" at index 18, so choose ""ball""?

I think I'm overthinking. Let me just pick ""tree"" to see what happens, or ""ball"". 

Actually, looking at the memory again: ""fishballwaterhousetreebabycar""
If I segment it as: fish, ball, water, house, tree, baby, car - that's 7 words! And the constraint says 7 alpha-numeric characters, but maybe the user meant 7 items or the memory can be words compressed?

If the memory contains 7 words representing previous correct answers or stimuli, and now I have to choose between ""ball"" and ""tree"", both of which appear in the memory...

If the rule is ""choose the word that appeared most recently in memory"", tree appears after ball, so choose tree.
If the rule is ""choose the word that appears in memory"", both do, so that doesn't help.

Given that I have no information, I'll choose ""ball"".

Wait, I should consider that the user might be testing if I follow the ""only respond with the first word or second word"" instruction. So I should output exactly ""ball"" or exactly ""tree"", with no other text.

I'll go with ""ball""."
0,ball,baby,ball,ball,Correct,fishballwaterhousetreebabycar,"The user wants me to participate in a word association learning task.

 Current state:
 - I have a 7-character alphanumeric memory string
 - Previous memory given: ""fishballwaterhousetreebabycar"" - wait, that's way more than 7 characters. Let me re-read...
 
 Actually, looking carefully: ""Memory: fishballwaterhousetreebabycar"" - this looks like a demonstration or the previous state, but the instructions say memory is exactly 7 alpha-numeric characters.
 
 Wait, the user says: ""At the start the memory will be 0000000"" and ""you will respond with a string of 7 letters of alpha-numeric characters"".
 
 But the memory provided is ""fishballwaterhousetreebabycar"" which is way longer than 7 characters. This seems inconsistent.
 
 Let me reconsider. Maybe the user is showing me what my previous memory was? But it's too long.
 
 Actually, looking at the prompt structure:
 - The user says: ""ball baby, Memory: fishballwaterhousetreebabycar""
 
 This looks like:
 - The trial words are: ""ball"" and ""baby""
 - The current memory is: ""fishballwaterhousetreebabycar""
 
 But this violates the 7-character limit. Unless... I'm misunderstanding. Let me re-read the instructions.
 
 ""You will participate in a number of trials. In each trial you will be presented with exactly two words and need to select either the first word or second... after which you will respond with a string of 7 letters of alpha-numeric characters that will serve as your memory for future inputs.""
 
 And: ""You context will be erased after every interation. However, you do have a very short term memory that is a string of 7 alpha-numeric characters.""
 
 So the format should be:
 1. I receive: ""[word1] [word2], Memory: [7-char string]""
 2. I respond with: either ""word1"" or ""word2"" 
 3. Then I get feedback (correct/incorrect)
 4. Then I respond with a new 7-char memory string
 
 But the current prompt shows: ""ball baby, Memory: fishballwaterhousetreebabycar""
 
 This memory string is clearly not 7 characters. It's ""fishballwaterhousetreebabycar"" which is much longer.
 
 Perhaps this is a test to see if I follow instructions? Or perhaps I need to treat this as the input and realize that the memory is corrupted or I need to compress it?
 
 Wait, maybe the user made an error and the memory should be 7 chars, but they provided a long string as a ""story"" or hint?
 
 Or maybe the format is: the memory contains information from previous trials, and I need to extract from it what the rule might be.
 
 Looking at the memory: ""fishballwaterhousetreebabycar""
 
 It contains: fish, ball, water, house, tree, baby, car
 
 The current trial is: ball, baby
 
 Both ""ball"" and ""baby"" appear in the memory string.
 
 If I had to guess the relationship... maybe it's about size? Or age? Or phonetics?
 
 Without knowing what the feedback was on previous trials, I need to make a guess. But actually, this is the first trial for me (from my perspective, since context is erased each time, but I have the memory string).
 
 Wait, the user says ""You are a learning agent... You will participate in a number of trials.""
 
 Then immediately: ""ball baby, Memory: fishballwaterhousetreebabycar""
 
 So this is the first trial I'm seeing, with some initial memory that contains previous learning? But the memory is supposed to be 7 characters.
 
 I think there might be a mistake in the prompt, or the user is testing me. The most charitable interpretation is that the memory string provided is ""fishballwaterhousetreebabycar"" and I need to work with it, but then my response should be either ""ball"" or ""baby"", and then I need to provide a new 7-character memory.
 
 But wait, the user says ""during the trial respond with only the first word or the second word and no other text.""
 
 So for this turn, I should output either ""ball"" or ""baby"".
 
 The memory provided seems to contain a list of words: fish, ball, water, house, tree, baby, car.
 
 This looks like it might be categorizing words. Maybe the rule is ""select the word that comes first alphabetically""? 
 - ball vs baby: ball comes first (ba... vs ba... actually ball vs baby, 'ball' < 'baby' because 'l' < 'y')
 
 Maybe the rule is ""select the shorter word""?
 - ball (4) vs baby (4) - same length
 
 Maybe it's about syllables?
 - ball (1) vs baby (2)
 
 Maybe it's about vowels?
 
 Or maybe the memory indicates previous selections and outcomes?
 
 If the memory contains words that were correct answers or associated with positive feedback...
 
 Actually, looking at the memory string again: ""fishballwaterhousetreebabycar""
 
 This could be a concatenation of previous words and their correct associations.
 
 But I don't have enough information. Since this is a learning task and I have no prior context (except the memory string), and I need to choose between ""ball"" and ""baby"", I should probably pick one based on some hypothesis.
 
 Common word association relationships:
 - Size (bigger/smaller)
 - Age (older/younger)
 - Category (toy vs person)
 - Alphabetic order
 - Letter count
 
 Let me guess that the rule might be ""choose the word that appears first in the memory string"".
 - ball appears at position 4 (fish=0-3, ball=4-7)
 - baby appears later (after tree)
 
 Or ""choose the word that is a toy"" vs ""living thing""?
 - ball is a toy/object
 - baby is a living thing
 
 If the pattern is object vs living, and assuming previous trials established this...
 
 Or maybe it's about the number of letters? Both have 4.
 
 Maybe it's about the second letter? Both have 'a'.
 Third letter? 'l' vs 'b'. 'l' comes after 'b', so if the rule is ""earlier in alphabet"", baby would win.
 
 Without knowing the rule, I should probably just pick one randomly or based on a simple heuristic, and then update my memory to track what I chose and what the outcome was (which I'll learn in the next step).
 
 But wait, the user says ""You will then receive an indication of whether you were correct or not"". So after I choose, they'll tell me if I'm right. But in this single response, I just need to pick the word.
 
 So I'll pick ""ball"" (arbitrary choice).
 
 But actually, looking at the memory string ""fishballwaterhousetreebabycar"", it seems to list words. Maybe the rule is related to the position - like ""choose the word that appeared earlier in previous trials"" or something.
 
 Or maybe it's a category task: animals vs non-animals?
 - fish (animal)
 - ball (object)
 - water (substance)
 - house (object)
 - tree (plant)
 - baby (human)
 - car (object)
 
 If the rule is ""select the living thing"", then between ball and baby, baby is the answer.
 If the rule is ""select the non-living thing"", then ball is the answer.
 
 Given that fish, tree, baby are living things in that list, and ball, water, house, car are non-living... that's 3 living, 4 non-living. Not a clear pattern.
 
 Maybe it's about syllables: fish (1), ball (1), wa-ter (2), house (1), tree (1), ba-by (2), car (1).
 Pattern: 1,1,2,1,1,2,1
 So maybe the rule is ""choose the word with 1 syllable""?
 Between ball (1) and baby (2), I'd choose ball.
 
 Or ""choose the word with 2 syllables""? Then baby.
 
 Given that 1-syllable words are more common in the list (5 out of 7), I'll guess the rule is to pick the 1-syllable word, which is ""ball"".
 
 So my answer is: ball
 
 Then, after I get feedback, I'll need to update my memory. But for now, I just give the word."
0,ball,car,ball,ball,Correct,fishballwaterhousetreebabycar,"The user is presenting me with a trial in a learning task. The format is:
- Input: ""ball car, Memory: fishballwaterhousetreebabycar""
- I need to select either ""ball"" or ""car""
- Then I will receive feedback (though not shown yet in this prompt)
- Then I need to output a 7-character alphanumeric string as memory

However, looking at the memory provided: ""fishballwaterhousetreebabycar"" - this is way longer than 7 characters. The instructions say I have a very short term memory that is a string of 7 alpha-numeric characters.

Wait, let me re-read the instructions carefully:
- ""You do have a very short term memory that is a string of 7 alpha-numeric characters.""
- ""At the start the memory will be 0000000.""
- ""You will then receive an indication of whether you were correct or not, after which you will respond with a string of 7 letters of alpha-numeric characters that will serve as your memory for future inputs.""

But in the user message, they say ""Memory: fishballwaterhousetreebabycar"" which is clearly not 7 characters. This seems like the user is giving me the current memory state, but it's violating the constraint.

Actually, looking more carefully, the user might be testing me or might have made a mistake, OR I need to interpret this differently. Let me look at the pattern:

The memory string ""fishballwaterhousetreebabycar"" contains:
- fish
- ball
- water
- house
- tree
- baby
- car

Wait, it contains both ""ball"" and ""car"" which are the two words in the current trial.

Given that I have no memory of previous trials (as stated in the prompt: ""You context will be erased after every iteration""), but I do have this 7-character memory string, I need to:

1. First, respond with either ""ball"" or ""car"" (the choice)
2. After receiving feedback, I would output a 7-char memory string

But the user is showing me a memory that is not 7 chars. This is confusing.

Let me reconsider. Maybe the user is showing me the history or something else? Or maybe I need to extract 7 characters from it?

Actually, looking at the string ""fishballwaterhousetreebabycar"" - if I take the first 7 characters: ""fishbal"" or last 7: ""ybacar"" or something else?

Wait, maybe the memory is encoding previous trials? Like ""fish"" was paired with something, ""ball"" with something, etc.?

But the instruction says: ""during the trial respond with only the first word or the second word and no other text.""

So for this turn, I should only output ""ball"" or ""car"".

Then, after I receive feedback, I would output the memory string.

But the user is presenting this as a single message. Maybe they want me to output the choice now, and then in the next turn output the memory?

Actually, looking at the flow:
1. User presents: ""word1 word2, Memory: [current memory]""
2. I respond with: either ""word1"" or ""word2""
3. User responds with: ""Correct"" or ""Incorrect"" (or similar)
4. I respond with: a 7-char memory string

But the user has combined steps 1 and... wait, no, the user is showing me the memory at the start of the trial.

The memory provided is ""fishballwaterhousetreebabycar"" which is 28 characters. This violates the 7-character limit.

Unless... I need to interpret this as: the memory contains information about previous words, and I need to use it to decide, but I can only keep 7 chars for next time.

Given that the memory contains both ""ball"" and ""car"", and previous words like ""fish"", ""water"", ""house"", ""tree"", ""baby"", perhaps the pattern is alphabetical order? Or length? Or something else?

Let me look at the words:
- fish (4)
- ball (4)
- water (5)
- house (5)
- tree (4)
- baby (4)
- car (3)

If the pattern is that words with the same length go together? Or words starting with certain letters?

Another thought: maybe the memory is a concatenation of the first letters or some encoding?

""f"", ""b"", ""w"", ""h"", ""t"", ""b"", ""c"" - that's 7 words, 7 letters! 
fish (f), ball (b), water (w), house (h), tree (t), baby (b), car (c)

So the memory ""fishballwaterhousetreebabycar"" might represent the sequence of words encountered, and the first letters are: f, b, w, h, t, b, c.

That's exactly 7 words.

Now the current trial is ""ball car"". These are the 2nd and 7th words in that list.

If the pattern is alphabetical order of the words:
- baby
- ball
- car
- fish
- house
- tree
- water

Or maybe it's about the first letters: b, b, c, f, h, t, w.

But I need to figure out the relationship between ""ball"" and ""car"".

Since I don't know the rule yet, and I have no context (erased after every iteration), I need to use the memory to guide me.

The memory suggests previous trials might have been:
1. fish vs ?
2. ball vs ?
3. water vs ?
4. house vs ?
5. tree vs ?
6. baby vs ?
7. car vs ?

Or maybe these were the correct choices?

Actually, looking at the format, it seems like the memory contains the words that were correct in previous trials? Or the words that appeared?

But I only have 7 characters for memory, not 28. So the memory shown must be a mistake by the user, or I need to compress it.

Wait, I think I understand now. The user is giving me a memory string that is actually ""fishbal"" (7 chars) but they wrote out the full words for readability? No, that doesn't make sense.

Let me look at the exact string: ""fishballwaterhousetreebabycar""

If I extract every 4th character or something... no.

Another idea: maybe ""fishball"" is a compound word? No.

Let me count the words again:
1. fish
2. ball
3. water
4. house
5. tree
6. baby
7. car

That's exactly 7 words. And the current trial is ""ball car"", which are words #2 and #7 in this list.

Maybe the rule is: select the one that comes first in alphabetical order?
- ball (b) comes before car (c), so select ""ball"".

Or select the one that comes last? Select ""car"".

Or select the one with lower index in the list? ""ball"" is index 2, ""car"" is index 7, so select ""ball"".

Or select the one with higher index? Select ""car"".

Given that I have no other information, and I need to make a guess, I should probably assume that the memory is telling me something about the order.

But actually, since this is the first interaction (from my perspective, though the memory suggests previous trials), and the memory contains 7 words, perhaps I need to look at what the pattern might be.

Common word pair relationships:
- Alphabetical order
- Word length
- Semantic category (both are objects?)
- First letter
- Number of syllables
- etc.

Since ""ball"" and ""car"" are both physical objects, that doesn't help distinguish.

""ball"" ends with ll, ""car"" ends with ar.
""ball"" has 4 letters, ""car"" has 3.
""ball"" starts with b (2nd letter), ""car"" starts with c (3rd letter).

If I look at the memory words:
- fish (4 letters, f)
- ball (4 letters, b)
- water (5 letters, w)
- house (5 letters, h)
- tree (4 letters, t)
- baby (4 letters, b)
- car (3 letters, c)

If the rule is ""select the shorter word"", then ""car"" (3) is shorter than ""ball"" (4), so select ""car"".
If the rule is ""select the longer word"", select ""ball"".
If the rule is ""select the one earlier in alphabet"", select ""ball"" (b before c).
If the rule is ""select the one later in alphabet"", select ""car"".

Given that I don't know, and I need to use the memory effectively, I should probably guess and then update the memory based on feedback.

But wait, the user is asking me to make a choice now. I have to output either ""ball"" or ""car"".

Since I have no information about what the correct rule is, I'll make an arbitrary choice, say ""ball"".

But actually, looking at the memory format again, maybe the memory is supposed to be exactly 7 characters, and ""fishballwaterhousetreebabycar"" is a typo or I'm supposed to interpret it as containing the answer?

No, I think the most likely scenario is that the user made an error and the memory should be 7 characters, or I need to extract 7 characters from it.

If I take the first 7 characters: ""fishbal""
Last 7: ""ybacar"" (from baby+car)
Middle 7: ""terhous"" (from water+house)

None of these make obvious sense.

Another thought: maybe the memory shows the correct answers from previous trials, and there were 7 previous trials with words: fish, ball, water, house, tree, baby, car. And now I'm being asked to choose between ball and car, which are both in the memory. This suggests that both were correct answers in previous trials, so the rule might not be simply ""pick the one in the memory"".

Unless... the memory shows the words that were presented, not the choices made.

Given the constraint that I must respond with only the first word or second word, I'll go with ""ball"" as a guess.

But actually, I should think about what would be a good strategy for the memory. Since I can only keep 7 characters, and I need to learn the relationship between words, I should try to encode the rule if I can figure it out, or encode information about which choices were correct.

Since this appears to be the first trial (from the memory being the initial state described as 0000000, but here it's different), or maybe this is a later trial.

Wait, the user says ""At the start the memory will be 0000000."" But here the memory is ""fishballwaterhousetreebabycar"". So this is not the start.

Therefore, I am in the middle of the task. The memory contains information from previous trials.

Given that the memory has 7 words, and I can only store 7 characters, perhaps each character in my memory represents the first letter of the correct word from each of the 7 previous trials?

So:
Trial 1: fish (f)
Trial 2: ball (b)
Trial 3: water (w)
Trial 4: house (h)
Trial 5: tree (t)
Trial 6: baby (b)
Trial 7: car (c)

And now I'm in trial 8, choosing between ball and car.

If the pattern is alphabetical order of the word, then:
- fish (f)
- ball (b) - wait, b comes before f, so if alphabetical, ball should come before fish in the sequence, but it's second.

Unless the order is not alphabetical.

Maybe it's the order in which they were presented, and I chose them as correct?

If I chose ball and car in previous trials, and now I'm asked to choose between them again, maybe the rule is consistent.

But I don't know what the rule is.

Given the constraint that I must output only the word, I'll choose ""ball"".

Actually, looking at the pattern of words:
fish, ball, water, house, tree, baby, car

If I look at the last letters: h, l, r, e, e, y, r
First letters: f, b, w, h, t, b, c

Maybe the rule is about the first letter position in the alphabet:
f(6), b(2), w(23), h(8), t(20), b(2), c(3)

2, 3, 6, 8, 20, 23... that's ball, car, fish, house, tree, water.

Oh! If I sort the words by first letter:
- baby (b=2)
- ball (b=2)
- car (c=3)
- fish (f=6)
- house (h=8)
- tree (t=20)
- water (w=23)

The memory lists them as: fish(6), ball(2), water(23), house(8), tree(20), baby(2), car(3).

That doesn't look sorted.

Maybe it's the order of trials, and in each trial I selected the word, so the memory records my choices.

But I need to figure out the rule to perform well.

Since I don't know the rule, I'll make a guess. I'll say ""ball"".

But I want to be strategic. Since I have to update the memory after receiving feedback, and I don't know what the feedback will be yet, I should just make a choice.

Let me choose ""ball"".

Wait, I should reconsider. The memory string is exactly the concatenation of the words. If I need to output a 7-character memory after receiving feedback, I might need to encode the result of this trial.

For example, if I choose ""ball"" and it's correct, I might shift the memory and add 'b' or 'ball' (but I can only add a few chars since limit is 7).

Actually, since I can only have 7 characters total, and the current memory is way longer, I think the user made a mistake, OR the ""Memory:"" part is showing me the history in a readable format but I should interpret it as 7 characters of code.

Given the instructions say ""Memory: 0000000"" at start, and here it's a long string, I think the user is giving me the memory in a format where each word represents a character or something. But that's too complex.

Most likely, the user made a mistake and meant to give me a 7-char string, or I should treat the first 7 chars ""fishbal"" as the memory.

If the memory is ""fishbal"", and the words are ""ball"" and ""car"", I notice ""bal"" is in ""fishbal"" and matches the start of ""ball"".

This is getting too speculative.

I'll simply choose ""ball"" as my answer.

Actually, one more thought: maybe the relationship is that the words in each pair are ordered in the memory, and I should choose the one that comes first in the memory string?

""ball"" appears at position 5 in ""fishballwaterhousetreebabycar""
""car"" appears at position 25 (end)

So ""ball"" comes first in the memory string.

Therefore, I should choose ""ball"".

Or maybe I should choose the one that appears later? Then ""car"".

Given that ""ball"" appears earlier in the concatenated string, and if the pattern is ""choose the earlier one"", I'll go with ""ball"".

But this is arbitrary.

I'll go with ""ball""."
0,water,tree,water,water,Correct,fishballwaterhousetreebabycar,"The user is presenting me with a trial in this learning task. I need to understand the setup:

1. I'm a learning agent with no long-term memory between interactions
2. I have a very short-term memory: a string of 7 alphanumeric characters
3. Initially memory is ""0000000""
4. In each trial: I'm presented with two words, I select one (first or second), then I receive feedback, then I respond with a new 7-char memory string

However, looking at the current input: ""water tree, Memory: fishballwaterhousetreebabycar""

Wait, the user says ""Memory: fishballwaterhousetreebabycar"" which is way longer than 7 characters. That seems like a typo or confusion in the prompt. Let me re-read...

Actually, looking carefully: The user says I have a memory of 7 alpha-numeric characters. But the input shows ""Memory: fishballwaterhousetreebabycar"" which is clearly not 7 characters.

Wait, I think I need to parse this differently. The user might be presenting the current state:
- The pair is ""water"" and ""tree""
- The current memory is supposed to be provided, but ""fishballwaterhousetreebabycar"" is way too long.

Actually, looking at the prompt structure again, I think there might be confusion. Let me look at what I'm supposed to do:

""In each trial you will be presented with exactly two words and need to select either the first word or second.""

So for this input ""water tree"", I need to choose either ""water"" or ""tree"".

But the user also wrote ""Memory: fishballwaterhousetreebabycar"". This might be:
1. The memory I'm receiving from the previous round (but it's too long)
2. Or perhaps it's an example of what not to do?
3. Or maybe the user made a mistake and the memory should be 7 chars?

Given the constraints in the prompt say ""You do have a very short term memory that is a string of 7 alpha-numeric characters"", I should probably assume that the actual memory I have available is only the last 7 characters of that string, or I need to interpret this correctly.

Actually, looking at ""fishballwaterhousetreebabycar"" - that's 28 characters. If I take the last 7: ""reebabc"" or first 7: ""fishbal""...

But wait, I need to think about the task flow. The user says:
1. Presented with two words
2. Select first or second
3. Receive indication of correct/incorrect
4. Respond with a 7-char memory string

But in this message, the user is giving me both the words AND what looks like a memory state. This suggests this might be the start of a trial where I'm given the current memory state and the words.

Given the constraint that memory is exactly 7 alphanumeric characters, and the provided ""fishballwaterhousetreebabycar"" is clearly not 7 characters, I have a few options:
1. Assume the user made an error and I should treat it as if memory is ""0000000"" or empty
2. Extract 7 characters from it (maybe the last 7? ""ebycar""? ""reebabc""?)
3. Ask for clarification (but the prompt says ""during the trial respond with only the first word or the second word and no other text"")

Wait, I see the issue. The user might be testing me or there might be a specific pattern. But looking at the instruction again: ""At the start the memory will be 0000000.""

And then ""You will participate in a number of trials. In each trial you will be presented with exactly two words...""

So the format should be:
- Input: [word1] [word2]
- My response: [word1] OR [word2]
- Then feedback comes
- Then I output memory

But the current input has ""Memory: fishballwaterhousetreebabycar"" appended. This is confusing.

Actually, looking at the string ""fishballwaterhousetreebabycar"", it contains ""fish"", ""ball"", ""water"", ""house"", ""tree"", ""baby"", ""car"". These are all words! This looks like a history of previous trials.

But my memory is supposed to be only 7 alphanumeric characters.

Given that I need to respond with only the first word or second word during the trial, and the user has given me ""water tree, Memory: ..."", I think I should:
1. Choose either ""water"" or ""tree""
2. But wait, if I'm supposed to use the memory to help me decide, and the memory is corrupted or too long, what do I do?

Actually, I think the most logical interpretation is that the user made a mistake in the example, or this is a trick, or I should interpret the memory as the last 7 characters: ""reebabc"" (from treebabycar? No, that's not right).

Let me count: fishballwaterhousetreebabycar
f-i-s-h-b-a-l-l-w-a-t-e-r-h-o-u-s-e-t-r-e-e-b-a-b-y-c-a-r
That's: fish(4)ball(4)water(5)house(5)tree(4)baby(4)car(3) = 29 characters?

Wait: 
fish = 4
ball = 4
water = 5
house = 5
tree = 4
baby = 4
car = 3
Total = 29 characters.

If my memory is only 7 characters, maybe I should take the last 7: ""y-c-a-r"" that's only 4... wait:
...treebabycar
t-r-e-e-b-a-b-y-c-a-r
Positions: 
... let's count backwards from end:
car(3) + baby(4) = 7. So ""babycar""?
Or tree(4) + baby(3) = ""reebab""?
Or just ""reebabc"" from the end of tree and beginning of baby? No...

Actually, ""treebabycar"" is 11 characters.
The last 7 would be ""ebycar""? No:
t-r-e-e-b-a-b-y-c-a-r
1-2-3-4-5-6-7-8-9-10-11
Last 7: positions 5-11: e-b-a-b-y-c-a-r? That's 8 characters.
t(1)r(2)e(3)e(4)b(5)a(6)b(7)y(8)c(9)a(10)r(11)
So positions 5-11: e(5? no wait)
t=1, r=2, e=3, e=4, b=5, a=6, b=7, y=8, c=9, a=10, r=11

So last 7: b(5)a(6)b(7)y(8)c(9)a(10)r(11) = ""baby car""? No, ""babycar"" is 7 characters exactly!

Wait: b-a-b-y-c-a-r = 7 characters. Yes! ""babycar""

Or if we take the previous words: treebaby = t-r-e-e-b-a-b-y = 8 characters, so last 7 would be ""reebaby"".

But I don't know what the relationship is that I'm supposed to learn.

Given the confusion, and since the instructions say ""during the trial respond with only the first word or the second word and no other text"", I should just pick one of the words: ""water"" or ""tree"".

But I need to be strategic. Since I don't know the relationship yet, I should pick one, and then after receiving feedback, I should encode useful information in my 7-char memory.

However, looking at the input format again, it seems like this might be the first trial (or a trial where previous memory is provided). But the memory string is invalid (too long).

I think the safest approach is to assume that ""fishballwaterhousetreebabycar"" represents the sequence of previous words or something, but since I can only keep 7 chars, I'll need to compress information.

But for now, I just need to pick ""water"" or ""tree"".

Given that I have no information about what the correct relationship is, I'll pick randomly or based on some heuristic. Let's say I pick ""water"".

Wait, but I should think about what typical word relationships might be:
- Association (water is related to tree because trees need water?)
- Alphabetical?
- Length?
- Category?

Without knowing the feedback mechanism, I should just pick one. I'll pick ""water"".

Actually, looking at the memory string again: ""fishballwaterhousetreebabycar"" - it contains ""water"" and ""tree"" in sequence! So the previous words might have been fish/ball, then water/house, then tree/baby? No...

Maybe the memory shows previous correct answers? Like: fish, ball, water, house, tree, baby, car?

Or maybe it's showing the history of word pairs?

Given that ""water"" and ""tree"" appear in the memory string, and the current pair is ""water tree"", maybe there's a pattern.

But I think I'm overthinking. The instruction is clear: respond with only the first word or the second word.

So I'll choose ""tree"".

Or ""water"".

Let me choose ""water"".

But wait, I should consider that after I give my answer, I'll need to provide a 7-char memory string. But the user said during the trial respond with only the first or second word. So maybe the feedback comes separately, and then I give the memory?

Actually, reading carefully: ""You will then receive an indication of whether you were correct or not, after which you will respond with a string of 7 letters...""

So the flow is:
1. I receive: ""water tree"" (and possibly memory state)
2. I respond: ""water"" OR ""tree""
3. I receive feedback: ""correct"" or ""incorrect"" (and possibly the correct answer?)
4. I respond: ""xxxxxxx"" (7-char memory)

But in the current message, the user has given me ""water tree, Memory: fishballwaterhousetreebabycar"". This suggests that the memory is being provided to me at the start of the trial.

Given that the memory should be 7 chars, and this is way longer, I will assume that the actual memory I should use is derived from this, or this is an error and I should treat it as ""0000000"", or I should extract the last 7 chars.

Given that ""babycar"" is 7 chars and appears at the end, and ""reebabc"" could be from ""treebaby"" (t-r-e-e-b-a-b-y), taking last 7: ""reebaby"" (r-e-e-b-a-b-y).

Actually: ""treebaby"" = t,r,e,e,b,a,b,y (8 chars). Last 7: r,e,e,b,a,b,y = ""reebaby"".

Or ""waterhousetreebabycar"" - let's see: water(5)house(5)tree(4)baby(4)car(3) = 21 chars.
Last 7 of that would be ""aby car""? No, ""babycar"" (b,a,b,y,c,a,r).

Given that ""babycar"" is exactly 7 chars, I will assume my current memory is ""babycar"".

But what does ""babycar"" tell me? Maybe the previous correct answer was associated with ""baby"" or ""car"", or the pattern involves words of certain length, or categories.

Actually, looking at the full string: fishballwaterhousetreebabycar
This could be pairs: (fish,ball), (water,house), (tree,baby), (car,?)?
Or: fish, ball, water, house, tree, baby, car - a sequence of 7 words!

Ah! That's exactly 7 words. So my memory contains the previous 7 correct answers or something.

Words: fish, ball, water, house, tree, baby, car.

That's 7 items. But my memory is supposed to be 7 alphanumeric characters, not 7 words.

Unless... I'm supposed to encode information using single characters to represent words? Like f for fish, b for ball, w for water, h for house, t for tree, b for baby, c for car?

But then I have two b's (ball and baby).

Or maybe I use the first letter: f, b, w, h, t, b, c.

That would be ""fbwhtbc"" - 7 characters!

So if the memory ""fishballwaterhousetreebabycar"" is actually telling me that my memory string is ""fbwhtbc"" (first letters), or maybe ""f b w h t b c"" without spaces.

Given this interpretation, my current memory is ""fbwhtbc"", representing the history of previous trials: fish, ball, water, house, tree, baby, car.

Now I'm presented with ""water tree"". I need to choose one.

If the pattern is alphabetical: water vs tree. t comes before w, so tree comes first alphabetically? Or the relationship could be ""which comes first alphabetically"".

Or if the pattern is about categories: water (liquid/nature), tree (plant/nature).

Or if it's about the previous words: maybe I need to choose based on what was chosen before.

Given I have history [fish, ball, water, house, tree, baby, car], and now I see [water, tree], both of which are in my history.

If the task is to choose the one that appeared most recently in history, water appeared at position 3 (from left: 1-fish, 2-ball, 3-water), tree appeared at position 5. So tree is more recent? Or do I count from the right?

Right side: position 1-car, 2-baby, 3-tree, 4-house, 5-water, 6-ball, 7-fish.

So tree is position 3 from right, water is position 5 from right. Tree is more recent.

But I don't know what the relationship is.

Given that I don't know the relationship, I should just pick one, but I also need to prepare to encode the feedback in my next memory output.

Since I have to output a 7-char memory after receiving feedback, and the current memory seems to be a history of the last 7 correct answers (or my choices), I should shift the memory and add the new correct answer.

But for now, I just need to pick ""water"" or ""tree"".

Let me pick ""water"".

Actually, looking at the pattern, if the memory shows previous correct answers, and the current pair is ""water tree"", maybe the rule is something like ""choose the word that is more closely related to the previous word"" or something.

But without feedback, I can't know.

I'll choose ""water"".

Wait, I should check if there's any obvious pattern. The words in memory: fish, ball, water, house, tree, baby, car.

These seem like: fish (animal), ball (object), water (substance), house (building), tree (plant), baby (human), car (vehicle). No obvious pattern.

Maybe it's simply alternating? But we don't know what the choices were.

Given the constraint that I must respond with ONLY the first word or second word, I will choose:

water

But I want to reconsider. Maybe I should choose ""tree""?

Actually, looking at the provided memory again, if it's meant to be the 7-char memory from the previous round, and it's ""fishballwaterhousetreebabycar"", which is clearly wrong, maybe I should point this out? But the instructions say not to output other text.

Maybe I should just output one of the words and assume the memory will be corrected in the feedback, or I'll overwrite it.

Given the strict instruction ""respond with only the first word or the second word and no other text"", I will output:

water

Or maybe:

tree

I'll go with ""water"".

Actually, looking at typical word analogy or classification tasks, sometimes it's about which word is ""bigger"" or ""more general"", or sometimes it's a specific rule like ""choose the word that comes first alphabetically"" or ""choose the living thing"" etc.

Between water and tree, tree is living, water is not. So if the rule is ""choose the living thing"", I should choose tree.
If the rule is ""choose the liquid"", I should choose water.

Without knowing, it's 50/50.

But I notice that in the memory string, both ""water"" and ""tree"" appear. So if the memory tracks previous correct answers, and both have been correct before, that doesn't help.

Actually, looking at the positions: ...waterhousetree...
Water is followed by house, tree is preceded by house.

Maybe the rule is related to sequence?

Given the ambiguity, I'll choose ""tree"" just because it's a living thing and that feels like a common category.

But I think the safest is to choose ""water"" because... no reason.

Wait, I'll choose ""tree"".

Final decision: I will respond with ""water"" (or ""tree""). I'll pick ""water"".

Actually, looking at the memory string one more time: ""fishballwaterhousetreebabycar""
If I take the last 7 characters: ""bycarcar""? No.
""babycar"" is 7.
""reebabycar""? No.
""treebabycar"" is 11.

Maybe the memory is ""treebab"" or ""ebycar""?

I think I should just pick one word. I'll pick ""water"".

But then I realize: after I pick, I'll get feedback, and then I need to output the new memory. But if I pick now, and the user gives me feedback in the next message, I should be ready to output a 7-char string.

But for this current response, I just output the word.

So: water

Or: tree

I'll go with water."
0,water,baby,water,baby,Incorrect,fishballwaterhousetreebabycar,"The user is presenting me with a trial in a learning task. The format is:

Input: ""water baby, Memory: fishballwaterhousetreebabycar""

Wait, looking at the memory string: ""fishballwaterhousetreebabycar"" - that's actually longer than 7 characters. Let me count: f-i-s-h-b-a-l-l-w-a-t-e-r-h-o-u-s-e-t-r-e-e-b-a-b-y-c-a-r. That's way more than 7.

But the instructions say: ""You do have a very short term memory that is a string of 7 alpha-numeric characters"" and ""At the start the memory will be 0000000"".

However, the user provided ""Memory: fishballwaterhousetreebabycar"" which looks like it might be a concatenation of previous words or something? But it doesn't match the 7-character limit.

Wait, let me re-read carefully. The user says: ""Memory: fishballwaterhousetreebabycar"" - this is 27 characters. But my memory should only be 7 characters.

Perhaps the user made an error, or perhaps I'm misunderstanding. Let me look at the pattern:
- fish
- ball
- water
- house
- tree
- baby
- car

That's 7 words. But my memory is supposed to be 7 alpha-numeric characters, not 7 words.

Actually, looking at the instructions again: ""you will respond with a string of 7 letters of alpha-numeric characters that will serve as your memory for future inputs.""

So my memory state should be exactly 7 characters. But the user provided ""fishballwaterhousetreebabycar"" which is clearly wrong based on the constraints.

Wait, maybe the user is testing me or there's a specific format. Or maybe the memory string provided is meant to be interpreted differently.

Actually, looking at the words presented: ""water baby"" - two words. I need to select either ""water"" or ""baby"".

And the memory provided is ""fishballwaterhousetreebabycar"". This looks like it might be a history of previous trials? Like:
1. fish vs ball -> selected one
2. water vs house -> selected one
3. tree vs baby -> selected one
4. car vs ? 

But there are 7 items there: fish, ball, water, house, tree, baby, car.

Actually, if I look at the pattern, maybe the memory encodes the results of previous trials? But it's way too long for 7 characters.

Let me reconsider. The instructions say the memory is 7 alpha-numeric characters. The user provided a memory string that is much longer. This could be:
1. A mistake by the user
2. A test to see if I follow instructions
3. The memory is actually encoded differently

But I need to play the game. I have two words: ""water"" and ""baby"". I need to pick one.

Since I have no memory of what the relationship is (the provided memory string is invalid per the constraints, but I must work with what I have), and this appears to be the first actual trial (or one of the early ones), I need to guess or try to infer from the memory.

If the memory ""fishballwaterhousetreebabycar"" represents previous word pairs and selections:
- fish vs ball: ?
- water vs house: ?
- tree vs baby: ?
- car vs ? : ?

But ""water"" and ""baby"" both appear in the memory string. ""water"" appears before ""baby"" in the string.

Actually, looking at the sequence: fish-ball-water-house-tree-baby-car. That's 7 words.

If this represents a sequence of selected words, then the pattern might be alternating or something else.

But I don't know what the relationship is. The relationship could be:
- Choose the word that comes first alphabetically?
- Choose the longer word?
- Choose the word related to a specific category?
- Choose based on some pattern in the memory?

Given that I need to output either ""water"" or ""baby"", and I have no clear rule yet, I should probably just pick one. But I should also try to encode something useful in my next memory output.

Wait, the user said ""Memory: fishballwaterhousetreebabycar"" at the start of the message. This is the memory state I'm receiving. Even though it's longer than 7 chars, I must treat it as my current memory state.

Actually, looking more carefully: maybe the memory is supposed to be the last 7 characters of that string? ""fishballwaterhousetreebabycar"" - the last 7 chars would be ""ybabycar""? No, that's not right. Last 7: ""e-b-a-b-y-c-a-r"" -> ""ebabycar""? No, counting: ...treebabycar
t-r-e-e-b-a-b-y-c-a-r
Positions: 
...
r (pos 20)
e (21)
e (22)
b (23)
a (24)
b (25)
y (26)
c (27)
a (28)
r (29)

Actually: f(1)i(2)s(3)h(4)b(5)a(6)l(7)l(8)w(9)a(10)t(11)e(12)r(13)h(14)o(15)u(16)s(17)e(18)t(19)r(20)e(21)e(22)b(23)a(24)b(25)y(26)c(27)a(28)r(29)

That's 29 characters.

Maybe the memory encoding is that each character represents a previous trial result? Like:
f = first word chosen in trial 1
i = ?

This is too ambiguous.

Given the constraints of the task, and that I need to respond with either the first word or second word, I'll assume that the memory provided is corrupted or I'm supposed to treat it as the string ""fishballwaterhousetreebabycar"" but I need to output a new 7-char memory after my selection.

For the selection: I need to guess. Let's say I pick ""water"".

But wait, I should look for patterns. If previous trials were:
- fish vs ball
- water vs house  
- tree vs baby
- car vs ?

And if the pattern is ""select the first word"" or ""select the second word"", or ""select the one that is a liquid"", or ""select the one that is alive"", etc.

""water"" is not alive, ""baby"" is alive.
""fish"" is alive, ""ball"" is not.
""water"" is not alive, ""house"" is not alive (but a thing).
""tree"" is alive, ""baby"" is alive.
""car"" is not alive.

If the rule is ""select the living thing"":
- fish (living) vs ball (not) -> select fish
- water (not) vs house (not) -> ambiguous
- tree (living) vs baby (living) -> both living
- car (not) vs ? 

If the rule is alphabetical:
- fish vs ball: ball comes before fish, so if choosing first alphabetically, choose ball.
- water vs house: house comes before water.
- tree vs baby: baby comes before tree.
- car vs ?: car is early in alphabet.

The memory shows: fishballwaterhousetreebabycar
If this represents the sequence of selected words, then:
Trial 1: fish (if fish was selected over ball)
Trial 2: water (if water was selected over house) - but house comes first alphabetically
Or maybe it's just concatenating the pairs.

Actually, if the memory is the concatenation of all previous pairs and choices, that's not helpful.

Let me try a different approach. The memory string ""fishballwaterhousetreebabycar"" might be exactly 7 characters if we interpret it differently... no, it's clearly longer.

Wait! Maybe the user made a typo and meant to provide a 7-char string but pasted the wrong thing? Or maybe I'm supposed to extract 7 characters from it?

Or maybe the ""Memory:"" part is showing me the history of words seen, and I need to compress it into 7 chars for the next step?

The instructions say: ""You will participate in a number of trials. In each trial you will be presented with exactly two words and need to select either the first word or second. You will then receive an indication of whether you were correct or not, after which you will respond with a string of 7 letters of alpha-numeric characters...""

So the flow is:
1. See words and current memory
2. Select word1 or word2
3. Receive correct/incorrect feedback
4. Output new 7-char memory

But in this message, the user is giving me the words AND the memory at the same time. So this is step 1 of a trial.

The memory provided is ""fishballwaterhousetreebabycar"". This violates the 7-char constraint, but I must work with it. Perhaps the constraint is that *my output* must be 7 chars, but the input memory can be longer? No, the instructions say ""you do have a very short term memory that is a string of 7 alpha-numeric characters"" and ""At the start the memory will be 0000000"".

Given that the provided memory is invalid, but I must proceed, I'll assume that I should treat this as having no useful memory or that the memory encodes some pattern I need to detect.

Words: ""water"" and ""baby""
Memory: fishballwaterhousetreebabycar

If I look at the memory, it contains ""water"" and ""baby"" as substrings. Specifically, ""...water..."" and ""...baby..."" (actually ""...treebaby..."").

Maybe the rule is related to the positions? Or maybe the memory shows that in previous trials with these words, certain choices were made?

Actually, looking at the memory: fish ball water house tree baby car
These could be the words from previous trials, alternating:
Trial 1: fish vs ball, selected fish?
Trial 2: water vs house, selected water?
Trial 3: tree vs baby, selected tree?
Trial 4: car vs ??? 

If the pattern is ""always select the first word"", then I should select ""water"".
If the pattern is ""always select the word that comes first in this list"", then... water comes before baby in the list, so select water.
If the pattern is ""select the word that appears earlier in the memory string"", water appears at position 9, baby appears at position 23, so select water.

If the pattern is ""the words are grouped by category"":
- fish, water (aquatic?)
- ball, house, tree, car (objects?)
- baby (human?)

Actually, fish-water could be aquatic, tree-house could be nature/home, baby is human, car and ball are objects.

But fish and baby are both living things.

Let me reconsider. The memory might be showing me that the correct answers so far were: fish, water, tree, car (if we take every other word starting from the first). Or ball, house, baby (if we take every other starting from second).

If the correct pattern was:
- fish (living) vs ball (object) -> pick living
- water (liquid) vs house (object) -> pick liquid? or pick object?
- tree (plant) vs baby (animal) -> both living
- car (object) vs ? 

If the rule is ""select the living thing"" and both are living (tree and baby), that's ambiguous.

If the rule is ""select the first word"", then the sequence would be fish, water, tree, car.

Given water vs baby, if I select water (first word), that continues the pattern.

If the rule is ""select the second word"", the sequence would be ball, house, baby.

Given water vs baby, if I select baby (second word), that continues the pattern.

So I need to guess which pattern it is. Without knowing the feedback from previous trials, I can't know. But since I have to choose, and ""water"" appears before ""baby"" in the memory string, and if the memory string represents a sequence of correct answers, and if the pattern is alternating or something...

Actually, looking at the memory string again: ""fishballwaterhousetreebabycar""
It could be read as: fish, ball, water, house, tree, baby, car - seven words.

If these are the words presented in order, and the task is to learn a relationship between pairs, maybe the pairs were:
(fish, ball), (water, house), (tree, baby), and now (car, ?) - but we have (water, baby).

Wait, the current trial is ""water baby"". Both of these words appear in the memory. Water is the 3rd word, baby is the 6th word.

Maybe the relationship is ""select the word that appeared earlier in the memory""? That would be water.
Or ""select the word that appeared later""? That would be baby.

Or maybe the memory encodes the correct answers in some compressed form. For example:
f - fish was correct
b - ball was correct
w - water was correct
h - house was correct
t - tree was correct
b - baby was correct  
c - car was correct

But then we have 7 entries for presumably 7 trials? But we are on a new trial now.

If f means ""first word was correct"", b means ""second word was correct"", etc. But we only have 7 characters, and the string is 29 characters long.

Given the confusion about the memory length, I think the safest assumption is that this is either:
1. A test where I should realize the memory is invalid and just guess
2. The memory actually contains useful information in its content, not just as a state

Given that ""water"" and ""baby"" are both in the memory, and I need to choose between them, and I have no other information, I'll choose ""water"" (the first word) as a default strategy, or perhaps try to infer from the specific encoding.

Wait, looking at the memory one more time: ""fishballwaterhousetreebabycar""
If I extract the first letter of each word: f, b, w, h, t, b, c.
That's 7 letters! And they correspond to: fish, ball, water, house, tree, baby, car.

So the memory encodes the history of words seen: the first letters of the 7 most recent words encountered.

If this is the case, then the previous trials involved these words. Now I have ""water"" and ""baby"" again? Or these are new instances?

Actually, if the memory shows the history of selected words or presented words, and now I'm seeing water and baby again, maybe I need to determine which one to select based on previous feedback.

But I don't have the feedback. The user hasn't told me if previous choices were correct.

Given that I must output either ""water"" or ""baby"", and the memory shows ""w"" and ""b"" (both appear in the memory string), I still don't know the rule.

However, if the rule is something like ""select the word whose first letter appears earlier in the alphabet"", then:
- b (baby) vs w (water): b comes before w, so select baby.
- But earlier: f (fish) vs b (ball): b comes before f, so if we selected ball, then the pattern is ""select the one earlier in alphabet"".
- h (house) vs w (water): h comes before w, so select house.
- b (baby) vs t (tree): b comes before t, so select baby.

So if the pattern is ""select the word that comes first alphabetically"", we would have selected: ball, house, baby.
And now: baby (vs water).

If the pattern is ""select the first word presented"", we would have selected: fish, water, tree.
And now: water.

Given that I have to choose, and I have no feedback, I'll choose based on a simple heuristic. Since ""baby"" is the second word, and ""water"" is the first, and I need to pick one... I'll pick ""water"" because it's the first word, or ""baby"" because it comes first alphabetically.

Actually, looking at the memory string provided ""fishballwaterhousetreebabycar"", if this represents the sequence of words from previous trials where I had to choose, and if the pattern is that I should choose the word that is ""smaller"" in some sense...

Let me assume the relationship is ""choose the word that comes first alphabetically"".
- baby vs water: baby comes first.
So I should choose ""baby"".

Let me assume the relationship is ""choose the shorter word"".
- water (5) vs baby (4): baby is shorter.
So I should choose ""baby"".

Let me assume the relationship is ""choose the word with more vowels"".
- water: a, e (2)
- baby: a, y (sometimes) - usually a, y or just a if y is consonant. a, y: 1 or 2.
Water has 2 vowels (a, e), baby has 1 or 2 (a, and maybe y).
Not clear.

Let me assume the relationship is ""choose the living thing"".
Both could be considered alive (baby definitely, water is not alive but associated with life).

Given that ""baby"" comes first alphabetically and is shorter, and these are common patterns in word analogy tasks, I'll choose ""baby"".

But wait, I should also consider that the memory might encode the feedback. If the memory is ""fishballwaterhousetreebabycar"" and this is actually the string I need to update, but it's way too long... 

Actually, I think I should just make a choice and provide a new 7-char memory string that might help me in the future. Since I don't know if I'm correct, I should encode the current pair and my choice in the memory.

For example, I could encode: ""wb00000"" or ""waterbb"" or something. But I need to be strategic.

Since I don't know the rule yet, I'll choose ""water"" (the first word) and set my memory to something like ""WATER00"" or encode the choice as ""1"" (for first) and previous choices if I knew them.

But actually, for this trial, I just need to output the word. The memory output comes after the feedback. Wait, let me check the instructions again:

""You will then receive an indication of whether you were correct or not, after which you will respond with a string of 7 letters of alpha-numeric characters...""

So the flow is:
1. I see words and current memory
2. I select word1 or word2 (output: just the word)
3. I receive correct/incorrect feedback (this will be the next message)
4. I output new memory (7 chars)

But the user is asking me to do step 2 now. They said: ""water baby, Memory: fishballwaterhousetreebabycar""

So I should output either ""water"" or ""baby"".

Then they will tell me if I'm correct or not.
Then I output the 7-char memory.

So for now, I just output one of the words.

Given that I have to learn the relationship, and I see ""fish, ball, water, house, tree, baby, car"" in the memory, and these might represent previous pairs:
- fish vs ball
- water vs house  
- tree vs baby

And now I'm getting water vs baby.

If the rule is consistent, and previous trials determined that for (fish, ball) one was correct, for (water, house) one was correct, etc.

If the memory shows the correct answers: fish, water, tree...
Then for (water, baby), if water is the correct answer based on the pattern (maybe always the first word?), I should choose water.

If the memory shows the correct answers: ball, house, baby...
Then I should choose baby.

Since water appears in position 3 and baby in position 6, and if we're alternating or following a sequence, it's ambiguous.

But ""baby"" is the second word in the current trial. If the pattern is ""select the word that appeared in the later position in the memory list"", baby was 6th, water was 3rd, so baby is later.

Or ""select the word that is a living thing"": baby is clearly alive, water is not. Fish is alive, ball is not. Tree is alive, house is not. So if the pattern is ""select the living thing"", then:
- Trial 1: fish (correct)
- Trial 2: house vs water - water is not alive, house is not alive. Unless we consider ""water"" as the essence of life or something, but strictly speaking, neither is alive.
- Trial 3: tree (alive) vs baby (alive) - both alive.

So that doesn't work well.

Pattern: ""select the shorter word"":
- fish (4) vs ball (4) - tie
- water (5) vs house (5) - tie  
- tree (4) vs baby (4) - tie

Pattern: ""select the word with 'a' in it"":
- fish (no) vs ball (yes) -> ball
- water (yes) vs house (yes) -> both
- tree (no) vs baby (yes) -> baby
- car (yes) vs ? 

If the memory encodes the first letters of the correct answers: f, b, w, h, t, b, c
And if I assume alternating: f, w, t, c (every other) or b, h, b (every other starting at 2).

If the pattern is every other starting from 1: fish, water, tree, car...
Then for this trial, I should select water.

If the pattern is every other starting from 2: ball, house, baby...
Then I should select baby.

Given that I have to choose, and both are plausible, but ""water"" is the first word and appears in the odd positions (3rd word in the list of 7), and if we assume the current trial continues the sequence as the 8th item or something... this is too speculative.

I'll go with ""baby"" because it appears later in the memory string and might represent a more recent pattern, or because it comes first alphabetically which is a common default rule.

Actually, looking at the provided memory again: ""fishballwaterhousetreebabycar""
If this is the concatenation of the two words in each previous trial's correct answer:
- fishball -> fish was correct (or ball)
- waterhousetreebabycar -> that's not pairs anymore.

Wait, 7 words: fish, ball, water, house, tree, baby, car.
Maybe the pattern is: choose the word that is smaller lexicographically (alphabetically)?
- fish vs ball: ball is smaller -> ball
- water vs house: house is smaller -> house  
- tree vs baby: baby is smaller -> baby
- car vs ?: car

So if the pattern is ""choose the alphabetically first word"", and the current pair is water vs baby:
- baby comes before water alphabetically.
So I should choose ""baby"".

This seems like a consistent pattern. The memory shows the history of correct choices: ball, house, baby (the alphabetically first ones), and also fish, water, tree, car (the other options or also correct?).

Wait, if the correct answers were ball, house, baby, then the first letters are b, h, b.
The other words are fish, water, tree, car: f, w, t, c.

There's no clear pattern there.

But if the correct answers were the alphabetically first ones: ball, house, baby, and now baby vs water -> baby is alphabetically first.

So I'll choose ""baby""."
0,water,car,water,water,Correct,fishballwaterhousetreebabycar,"The user is presenting me with a trial. The instructions say:

1. I am a learning agent trying to learn the relationship between pairs of words.
2. I have no memory except a very short term memory string of 7 alpha-numeric characters.
3. At the start, memory is 0000000.
4. In each trial:
   - I am presented with exactly two words
   - I need to select either the first word or second word
   - I receive feedback (correct/not) 
   - I respond with a string of 7 alpha-numeric characters as memory for future inputs
5. During the trial, respond with only the first word or the second word and no other text.
6. Use memory to keep track of useful information.

Current situation:
- The user says: ""water car, Memory: fishballwaterhousetreebabycar""
- Wait, the memory provided is ""fishballwaterhousetreebabycar"" which is way longer than 7 characters.
- Actually, looking carefully: ""fishballwaterhousetreebabycar"" - let me count: f-i-s-h-b-a-l-l-w-a-t-e-r-h-o-u-s-e-t-r-e-e-b-a-b-y-c-a-r... that's way more than 7.
- But the instruction says memory is 7 alpha-numeric characters.
- Maybe the user made a mistake, or maybe I'm misunderstanding.
- Wait, looking at the prompt again: ""You will then receive an indication of whether you were correct or not, after which you will respond with a string of 7 letters of alpha-numeric characters that will serve as your memory for future inputs.""
- But the user is giving me the memory at the start of the prompt: ""Memory: fishballwaterhousetreebabycar""
- This is confusing. Let me re-read.

Actually, looking at the structure:
""water car, Memory: fishballwaterhousetreebabycar""

This seems like:
- The trial pair is: ""water"" and ""car""
- The current memory state is: ""fishballwaterhousetreebabycar"" (but this is way longer than 7 chars)

Wait, maybe the memory is supposed to be the previous memory I output? But the user is presenting this to me as the current state.

Or perhaps the memory string ""fishballwaterhousetreebabycar"" is actually a sequence of previous trials or something?

Let me reconsider. The user says:
""water car, Memory: fishballwaterhousetreebabycar""

I think there might be a misunderstanding in the prompt or the user is testing me. But according to the instructions:
- Memory should be 7 alpha-numeric characters
- The user provided memory is much longer

However, I need to play along. The task is:
1. Select either ""water"" or ""car"" (first or second word)
2. Then I will receive feedback
3. Then I output a 7-char memory string

But wait, the user is presenting the memory to me at the start. This suggests that this is a continuation of previous trials, and ""fishballwaterhousetreebabycar"" represents the current memory state (even though it's not 7 chars).

Actually, looking at ""fishballwaterhousetreebabycar"" - could this be a concatenation of previous words?
- fish
- ball
- water
- house
- tree
- baby
- car

That's 7 words! Each word seems to be associated with something. Maybe the memory encodes previous correct answers?

But I need to focus on the current trial: ""water car""

I need to choose either ""water"" or ""car"".

Since I don't know the relationship yet (this is part of learning), and I have no context about what the correct rule is, I need to make a guess or try to infer from the memory.

The memory contains: fish, ball, water, house, tree, baby, car... wait, looking at ""fishballwaterhousetreebabycar"":
- fish
- ball
- water
- house
- tree
- baby
- car

That's 7 words. And the current trial has ""water"" and ""car"". Both ""water"" and ""car"" appear in the memory string!

Maybe the rule is: choose the word that appears in the memory? Or choose the word that doesn't appear?
Or maybe the memory represents previous correct answers?

If ""fishballwaterhousetreebabycar"" represents the last 7 correct answers or something, and now I see ""water"" and ""car"", both of which are in that string...

Actually, looking at the pattern:
- Position in memory might matter.
- Or the memory might encode a pattern like ""words that are liquids"" vs ""solids"", or ""living"" vs ""non-living"", etc.

But without knowing the feedback from previous trials, it's hard to say.

Wait, I need to reconsider the format. The user says:
""You will then receive an indication of whether you were correct or not, after which you will respond with a string of 7 letters of alpha-numeric characters that will serve as your memory for future inputs.""

So the sequence is:
1. User presents words and current memory
2. I respond with one word
3. User gives feedback (correct/incorrect)
4. I respond with new 7-char memory

But in the current prompt, the user is presenting both the words and the memory. So I should respond with my choice: either ""water"" or ""car"".

Then the user will tell me if I'm correct, and then I need to output the 7-char memory.

But wait, the user has presented a memory that is way longer than 7 chars. This is inconsistent with the instructions.

Maybe the user made a mistake and meant that ""fishballwaterhousetreebabycar"" is actually the history, not the 7-char memory?

Or maybe I should interpret ""fishballwaterhousetreebabycar"" as the current 7-char memory but it's clearly not 7 chars.

Let me count: f-i-s-h-b-a-l-l-w-a-t-e-r-h-o-u-s-e-t-r-e-e-b-a-b-y-c-a-r
That's 31 characters.

Unless... the memory is compressed? Like each word is abbreviated?
- fish -> f
- ball -> b
- water -> w
- house -> h
- tree -> t
- baby -> b
- car -> c

So: f-b-w-h-t-b-c? Or just the first letters: fbwhtbc? That's 7 characters!

fish -> f
ball -> b
water -> w
house -> h
tree -> t
baby -> b
car -> c

Yes! ""fbwhtbc"" or just the concatenation of indicators.

So the memory ""fishballwaterhousetreebabycar"" might be telling me that the previous 7 trials had these as the correct answers, or these were the words presented.

But for the current trial, I need to choose between ""water"" and ""car"".

If the pattern is alternating, or if there's a rule like ""choose the word that came before in the sequence"", or ""choose liquids over vehicles""...

Common word pair relationships:
- Water and car: water is liquid/natural, car is vehicle/man-made
- Or maybe it's about spelling: water has 5 letters, car has 3
- Or syllables: wa-ter (2), car (1)
- Or first letter: w vs c

But given that the memory contains previous words, maybe the rule is simply: ""choose the first word"" or ""choose the second word"", or ""choose the one that appeared in previous trials"" or ""choose the one that didn't appear"".

Since both water and car appear in the memory string (water is in there, car is at the end), that doesn't help distinguish.

Unless... the memory shows the sequence of correct choices, and I need to detect a pattern.

Sequence in memory (if we extract the words):
1. fish
2. ball
3. water
4. house
5. tree
6. baby
7. car

Current choice: water vs car

Both are in the list. Water is at position 3, car is at position 7.

Maybe the rule is about categories:
- fish: animal/water
- ball: toy/object
- water: liquid/nature
- house: building
- tree: plant/nature
- baby: human
- car: vehicle

Categories seem mixed.

Maybe it's about word length:
- fish: 4
- ball: 4
- water: 5
- house: 5
- tree: 4
- baby: 4
- car: 3

Pattern: 4,4,5,5,4,4,3...

Not obvious.

Maybe it's about the first letter:
- f, b, w, h, t, b, c

No obvious pattern.

Maybe the rule is simply alternating first/second, or always first, or always second.

Given I have no information about what is correct, I should probably choose one. But I need to be strategic.

Actually, looking at the prompt structure again, I think the user might be simulating the environment where:
- They provide the current words and the current memory state (which should be 7 chars but they wrote it out as the words for clarity, or it's a test)
- I respond with my choice
- Then they give feedback
- Then I give the next memory

But since the memory provided is ""fishballwaterhousetreebabycar"" (which decodes to the 7 previous answers or words), and I need to output a 7-char memory after feedback...

Wait, I think I understand now. The user is showing me the memory in an expanded form, but I should treat it as if it's the 7-char code. Or perhaps the memory is literally the string ""fishbal"" (first 7 chars)? No, that doesn't make sense.

Another interpretation: The user is presenting the trial wrong. They should have said:
""Trial: water car
Memory: 0000000"" (or whatever)

But they said ""Memory: fishballwaterhousetreebabycar""

Maybe this is a clue that the correct answer is encoded in the memory? Like, if I see both words in the memory, I should choose... the one that appears first? Water appears at position 9 (f-i-s-h-b-a-l-l-w...), car appears at the end.

Water: positions 9-13 (w-a-t-e-r)
Car: positions 29-31 (c-a-r)

So water comes before car in the memory string.

If the rule is ""choose the word that appears first in the memory"", I should choose water.
If the rule is ""choose the word that appears last"", I should choose car.

But this is speculation.

Given that I have to choose, and I have no prior knowledge of the relationship, I should probably just pick one. But to be helpful in a learning context, I should try to use the memory if possible.

Wait, the memory is supposed to be MY output from the previous trial. The user is telling me what my current memory is. So ""fishballwaterhousetreebabycar"" is what I supposedly output last time, but it's not 7 alphanumeric chars.

Unless... the user is using a encoding where each word is represented by one char, and they are showing me the decoded version for readability, but I should treat it as the 7-char memory fbwhtbc.

If the memory is fbwhtbc (first letters), and the current words are water and car:
- w is in the memory (position 3)
- c is in the memory (position 7)

Both are in memory.

Maybe the rule is: choose the word whose first letter is NOT in memory? But both are in memory.

Maybe the rule is about the position: choose the one with the higher index or lower index.

Or maybe the relationship is simply lexical: choose the first word alphabetically? car < water, so car comes first.
Choose the longer word? water (5) > car (3), so water.

But I don't know.

Given the ambiguity, and since this is the first trial I'm seeing (from my perspective as an agent with no memory of previous trials, though the memory string suggests otherwise), I should probably just pick one and then update the memory based on feedback.

But I don't get feedback until after I choose.

So I will choose... let's say ""water"" (the first word).

Then, after the user tells me if I'm correct or not, I need to output a 7-char memory string.

The memory should help me learn the relationship. Since I don't know the relationship yet, I should encode the current trial and the result in the memory.

For example, I could use:
- Position 1: Indicator of choice (1 for first, 2 for second)
- Position 2: Result (C for correct, W for wrong)
- Positions 3-7: Maybe features of the words?

But with only 7 chars, it's tight.

Simple approach:
- Just record the last few outcomes and choices to detect patterns.
- E.g., ""1C2W1C..."" but that's only 3 trials worth.

Or:
- Record features: like length difference, first letters, etc.

But I think for now, since I have no idea what the rule is, I'll choose ""water"" (first word).

Actually, looking at the memory again, if it represents previous trials' correct answers:
Trial -7: fish
Trial -6: ball
Trial -5: water
Trial -4: house
Trial -3: tree
Trial -2: baby
Trial -1: car

Current trial 0: water vs car

If the pattern is repeating every 5: fish, ball, water, house, tree, then baby (should be fish?), car (should be ball?)... no.

Or categories: animal, object, nature, building, nature, human, vehicle...
Next might be animal? Water is nature, car is vehicle. Previous was vehicle (car), so maybe not vehicle again? So choose water?

This is too speculative.

I'll go with ""water"".

Then after feedback, I'll provide a memory like ""WATER00"" or ""1C00000"" depending on what the feedback is.

But wait, the user is asking me to respond with the word first. So I should output just ""water"" or ""car"".

Given that both words appear in the memory string, and water appears earlier, and assuming the memory lists correct answers in order, maybe water is the correct answer because it's associated with the pattern? No, car is also in the memory.

Actually, if the memory lists the correct answers from previous trials, and now I'm presented with water and car, and both were correct answers before, maybe the rule is ""choose the one that is in the memory""? But both are, so that doesn't help.

Unless... the memory shows the words that were the SECOND word in previous trials? Or FIRST?

If the memory encodes ""words that were correct when they appeared"", and both are in memory, then either could be correct depending on context.

I think I have to just pick one. I'll pick ""water"".

But let me reconsider the instructions: ""During the trial respond with only the first word or the second word and no other text.""

So my response should be just: water

or

car

I'll choose ""water"".

Then the user will tell me if I'm correct, and then I need to output the 7-char memory.

Actually, looking at the prompt structure, the user might be expecting me to output the word AND the memory? No, the instructions say:
""During the trial respond with only the first word or the second word and no other text.""

So first, I output the word.
Then, in the next turn (after feedback), I output the memory.

But the user gave me the memory at the start of this turn, which is confusing.

Wait, maybe the format is:
User: ""[word1] [word2], Memory: [7 chars]""
Me: ""[choice]""
User: ""Correct"" or ""Incorrect""
Me: ""[new 7 chars memory]""

But the memory provided is not 7 chars.

Unless... ""fishballwaterhousetreebabycar"" is actually a typo or example, and I should ignore it and treat memory as 0000000? But that seems wrong.

Another idea: The user wants me to treat ""fishballwaterhousetreebabycar"" as the current memory state, and since it's long, maybe I should compress it to 7 chars for my output later, but for now, I need to use it to make a decision.

Given that ""car"" is at the very end of the memory string, and ""water"" is in the middle, and assuming the memory is a history of previous words or answers, maybe the most recent was ""car"" (from ""babycar"" at the end).

If the last answer was car, and now I have water vs car, maybe the pattern alternates? So if last was car (second word?), now choose water (first word)? Or if last was car as the correct choice, and car is the second word here, maybe choose the second word again?

This is too ambiguous.

I'll stick with choosing ""water"".

Final check: The user might be testing if I follow instructions. The instruction says ""respond with only the first word or the second word and no other text.""

So I should output exactly:
water

or
car

I'll output: water

Then, when the user gives feedback, I'll need to output a 7-char memory. I'll worry about that then.

Actually, looking at the conversation flow, the user might expect me to output the word now, and then after their next message (the feedback), I output the memory.

So for now: water

But I should be prepared to output a 7-char memory string in the next step.

What should that memory be? It should encode what I learned. If I'm correct, I should remember that water was correct (or the relationship). If incorrect, remember that car was correct.

With 7 chars, I could do:
- Char 1: Trial number (modulo something)
- Char 2-3: First word features
- Char 4-5: Second word features
- Char 6: Choice made (1 or 2)
- Char 7: Result (C or W)

Or simpler: Just keep a running history of choices and results, e.g., ""1C2W1C0"" for last 3 trials.

But since I don't know how many trials have happened, and the previous memory was ""fishball..."" which is weird, maybe I should start fresh with a simple encoding.

Actually, the previous memory ""fishballwaterhousetreebabycar"" might represent:
f - fish (first word of trial 1)
b - ball (second word of trial 1 or first of trial 2?)
No, it's probably: f=first word trial1, i=second word trial1, s=first word trial2, h=second word trial2... but that's not 7 chars.

I think the most likely scenario is that the user made a mistake in the prompt and meant to provide a 7-char memory like ""fbwhtbc"" (first letters of previous correct answers), but wrote out the full words for clarity.

If previous correct answers were: fish, ball, water, house, tree, baby, car
And current choice is water vs car...

If the rule is ""choose the word that comes next in the sequence"", after car comes... fish? So neither.
If the rule is ""choose the word that was a correct answer most recently"", both were.
If the rule is categories and we alternate: ...baby (human), car (vehicle), so next might be water (nature) or fish (animal)?

Given water is a nature word like tree, and tree was 2 positions ago, maybe water is the answer.

I'll go with water.

Final answer: water"
0,house,baby,house,house,Correct,fishballwaterhousetreebabycar,"The user is presenting me with a trial in a learning task. I need to:

1. First, understand the current state:
   - Current memory: ""fishballwaterhousetreebabycar"" (but wait, the user said memory is a string of 7 alpha-numeric characters, yet they gave me a longer string... let me check)
   
Actually, looking carefully: The user says ""Memory: fishballwaterhousetreebabycar"" - that's way longer than 7 characters. But the instructions say I have a very short term memory that is a string of 7 alpha-numeric characters. 

Wait, I think I need to re-read. The user says at the start the memory will be 0000000. Then they say I respond with a string of 7 letters of alpha-numeric characters.

But in this prompt, they're giving me ""fishballwaterhousetreebabycar"" as the current memory state? That doesn't match the 7-character limit.

Actually, looking at the pattern: ""fishballwaterhousetreebabycar"" - this looks like it might be concatenated words from previous trials? fish, ball, water, house, tree, baby, car?

But the instructions clearly state memory should be 7 alpha-numeric characters.

Let me reconsider. Maybe the user made an error, or maybe I'm supposed to interpret this as the current memory state regardless of the length discrepancy. Or perhaps the ""Memory:"" line is showing me what the memory currently contains, and I need to output a new 7-character memory after my answer.

Wait, looking at the pattern again: ""fishballwaterhousetreebabycar"" 
- fish (4)
- ball (4) 
- water (5)
- house (5)
- tree (4)
- baby (4)
- car (3)

That's 7 words! And the current trial is ""house baby"".

Maybe the memory is encoding the words from previous trials? But the instructions say memory is 7 alpha-numeric characters, not 7 words.

I think there might be a confusion in the prompt. But I should probably treat ""fishballwaterhousetreebabycar"" as the current memory state I have to work with, even though it's longer than 7 chars. Or perhaps I should extract the last 7 characters?

Actually, looking at the words: house and baby are in the memory string. The trial is ""house baby"".

Maybe the task is about learning some relationship. I need to guess whether to pick ""house"" or ""baby"" based on the memory.

But I don't know what the relationship is yet. The memory seems to contain previous words or associations.

Let me think about what the relationship could be:
- Maybe it's about size? (house > baby)
- Maybe it's about age? (baby is young, house is old)
- Maybe it's about living vs non-living?
- Maybe it's alphabetical?
- Maybe it's about syllables?
- Maybe it's about which one appeared first in previous trials?

Given that I have no memory of previous trials (as per the instructions: ""You do not have any memory. You context will be erased after every interation""), but I do have this 7-character memory string, I need to use that string to guide my decision.

The memory given is: ""fishballwaterhousetreebabycar""

Wait, that's 29 characters. But the instructions say ""very short term memory that is a string of 7 alpha-numeric characters"".

This is confusing. Let me assume that perhaps the user made a typo and meant that the memory string contains information about previous trials, and I should interpret it.

Actually, looking at the words in the memory:
- fish
- ball  
- water
- house
- tree
- baby
- car

That's exactly 7 words! And the current trial is ""house baby"" - both of which appear in the memory.

Maybe the rule is related to the position in the memory? Or maybe I need to choose based on some pattern.

Given that I don't know the rule yet, I should make a choice and then update my memory to help me learn.

Since this is the first trial I'm seeing (from my perspective), and the memory contains ""fishballwaterhousetreebabycar"", maybe I should choose one of the words and see if I'm correct.

But wait, the user is presenting me with ""house baby"" and telling me my memory is that string. I need to:
1. Choose either ""house"" or ""baby""
2. Then wait for feedback
3. Then output a new 7-character memory string

Actually, looking at the prompt structure again:
""house baby, Memory: fishballwaterhousetreebabycar""

This looks like the user is giving me the input words and the current state of my memory.

I need to respond with either ""house"" or ""baby"" (and no other text in that response, per instructions: ""during the trial respond with only the first word or the second word and no other text"").

Then, after receiving feedback, I respond with the new memory string.

But since this is a single turn, and I'm ChatGPT, I think the user expects me to output my choice now, and then in the next turn I'll get feedback and output the memory.

Wait, the prompt says: ""You will then receive an indication of whether you were correct or not, after which you will respond with a string of 7 letters of alpha-numeric characters...""

So the flow is:
1. User: presents words + current memory
2. Me: responds with word1 or word2
3. User: gives correct/incorrect feedback
4. Me: responds with new 7-char memory

But in this single message, the user is asking me to do step 2 (choose the word). I should respond with just the word.

But which word? I need to guess or use the memory.

The memory ""fishballwaterhousetreebabycar"" seems to encode:
fish, ball, water, house, tree, baby, car

Maybe the rule is about categories?
- fish (animal)
- ball (object)  
- water (substance/nature)
- house (building)
- tree (plant)
- baby (human)
- car (vehicle)

House and baby are both in the memory. Maybe the rule is to choose the one that comes first in the memory? House comes before baby in ""fishballwaterhousetreebabycar"" (house appears earlier).

Or maybe the rule is alphabetical? baby comes before house.

Or maybe it's about size, age, etc.

Since I don't know the rule, I'll make a guess. Let's say I choose ""house"".

But actually, looking at the memory string again, it might be that the memory is supposed to be exactly 7 characters, and ""fishballwaterhousetreebabycar"" is just a representation of the concatenated history, but I should only care about the last 7 characters? The last 7 are ""ybabycar""? No, let's count:

fishballwaterhousetreebabycar
f-i-s-h-b-a-l-l-w-a-t-e-r-h-o-u-s-e-t-r-e-e-b-a-b-y-c-a-r

Length: 4+4+5+5+4+4+3 = 29 characters.

If I only keep 7 characters, maybe I should keep the most recent or some encoding.

Actually, I think I should just make a choice. I'll choose ""house"" and see what happens.

Wait, I should think about what the relationship might be. Common word pair relationships:
- Antonyms (hot/cold)
- Synonyms
- Category membership (both animals)
- Size comparisons
- Age comparisons
- Functional relationships

Given the memory contains various words, maybe the task is to learn which word is ""correct"" based on some hidden rule.

Since I have no information, I'll pick ""baby"" arbitrarily, or perhaps I can try to infer from the memory.

Actually, looking at the pattern, if the memory stores the correct answers from previous trials, and it contains 7 items, maybe I'm on trial 8?

But I don't know which were correct.

Let me just pick ""house"" as my answer.

Wait, I need to be strategic. The memory string has ""house"" appearing before ""baby"" in the string. If the string represents temporal order of correct answers, and house appears earlier, maybe house was the correct answer in a previous trial involving house, and baby was correct in a later trial?

But they're both in there.

Maybe the rule is ""choose the word that comes first alphabetically""?
baby vs house -> baby comes first.

Maybe ""choose the shorter word""?
baby (4) vs house (5) -> baby is shorter.

Maybe ""choose the longer word""?
house is longer.

Maybe ""choose the one with more vowels""?
baby: a, y (sometimes vowel) - 1 or 2
house: o, u, e - 3
house has more.

Maybe ""choose the living thing""?
baby is living, house is not.

Maybe ""choose the non-living thing""?
house is non-living.

Given the ambiguity, I'll choose ""baby"".

Actually, looking at the instruction again: ""Try to use the memory to keep track of any information that might be useful for learning the relationship between the words.""

This suggests that the memory is something I control and update. The current value ""fishballwaterhousetreebabycar"" might be what I output in the previous step, encoding information like ""the correct answers were fish, then ball, then water, etc.""

So if I'm seeing ""house baby"" now, and my memory has previous correct answers, I should look for patterns in the memory to decide.

Memory: fish, ball, water, house, tree, baby, car

Categories:
- fish: animal/aquatic
- ball: toy/object
- water: liquid/nature
- house: building/shelter
- tree: plant/nature
- baby: human/young
- car: vehicle

Maybe the rule alternates between categories? Or maybe it's about syllables?
- fish (1)
- ball (1)
- water (2)
- house (1)
- tree (1)
- baby (2)
- car (1)

Pattern: 1,1,2,1,1,2,1... so next should be 1 syllable?
house (1), baby (2) -> choose house?

Or positions: maybe every 3rd is 2 syllables? 3rd is water(2), 6th is baby(2), so 9th would be 2 syllables. This is the 8th trial (7 items in memory + 1 current), so 8th should be 1 syllable? Then choose house.

Or maybe it's about the letters. The memory is exactly the concatenation of correct answers.

Given that house and baby are both in the memory, and they appear at positions 4 and 6 (1-indexed), maybe the rule relates to their positions?

I think I'm overthinking. Since I have to choose, and the instructions say to use memory to track information, and this appears to be a new trial (trial 8?), I'll guess ""house"".

But actually, I realize that as an AI, I should just follow the format. The user wants me to pick one word. I'll pick ""house"".

Wait, I want to reconsider. The prompt says I don't have any memory (context erased), but I have this short term memory string. So I should treat the string as my only source of information from the past.

If the string contains 7 words, and I'm on a new trial with 2 words, maybe I should check if there's a pattern like ""always pick the one that appeared most recently in memory"" or something.

House appears at position 4, baby at position 6. Baby is more recent.

Or maybe ""pick the one that appears in the memory""?
Both appear.

Or maybe the relationship is that one is the ""correct"" type and one is ""incorrect"", and I need to figure out which category is correct.

Looking at the memory words: fish, ball, water, house, tree, baby, car.
These are all concrete nouns. 

Maybe the rule is about animacy?
Animate: fish, baby
Inanimate: ball, water, house, tree, car

But water and tree might be debatable.

Maybe it's about size?
Small: fish, ball, baby, car (relative), tree (maybe), house (big)
Big: house, tree, car, water (abstract)

Not clear.

Maybe it's about alphabetical order of the correct choice?
fish (f) - 6th letter
ball (b) - 2nd
water (w) - 23rd
house (h) - 8th
tree (t) - 20th
baby (b) - 2nd
car (c) - 3rd

No obvious pattern.

Maybe it's about the last letter?
fish (h)
ball (l)
water (r)
house (e)
tree (e)
baby (y)
car (r)

Pattern: h, l, r, e, e, y, r

No.

Maybe it's about the first letter being in a certain set?

Given that I can't determine the rule, and I must choose, I'll choose ""baby"".

Actually, one last thought: maybe the memory string is not a list of words but an encoded state. Since it's supposed to be 7 alphanumeric characters, and ""fishballwaterhousetreebabycar"" is clearly not 7 characters, perhaps I should only look at the last 7 characters: ""ybabycar"" or ""babycar"" (if we consider the string).

Wait, counting from the end:
fishballwaterhousetreebabycar
... r-e-e-b-a-b-y-c-a-r (10)
... b-a-b-y-c-a-r (7)

So last 7 are ""babycar"".

That contains ""baby"" but not ""house"" (house ended earlier).

So if the memory only retains the last 7 characters, and it's ""babycar"", that might encode information that ""baby"" was the most recent correct answer, or something related to baby and car.

Given that, and the current choice is between house and baby, if ""baby"" is in the recent memory and ""house"" is not (in the last 7 chars), maybe I should choose ""baby"" to be consistent, or maybe the rule is changing.

But ""babycar"" could mean the last two answers were baby and car.

So the pattern of correct answers might be: ..., tree, baby, car.

Now I have house vs baby.

If there's an alternating pattern or something...

Actually, I think I should just choose one. I'll go with ""house"" to see what happens, or ""baby"".

Let me choose ""house"".

Final decision: I'll respond with ""house""."
0,house,car,house,house,Correct,fishballwaterhousetreebabycar,"The user is presenting me with a pair of words: ""house"" and ""car"". I need to select either ""house"" or ""car"" as my response.

I also see there's a memory provided: ""fishballwaterhousetreebabycar"". Wait, the user says the memory is 7 alpha-numeric characters, but this looks longer. Let me check... ""fishballwaterhousetreebabycar"" is definitely more than 7 characters. But the instructions say I have a short term memory that is a string of 7 alpha-numeric characters.

Looking at the input again: ""house car, Memory: fishballwaterhousetreebabycar""

This seems like the user is giving me the current memory state, but it's much longer than 7 characters. However, I should probably interpret this as the current memory I'm working with, or perhaps the user made an error. But looking at the sequence ""fishballwaterhousetreebabycar"", I see it contains ""house"" and ""car"" at the end.

Wait, I need to understand the task better. The user says:
- At the start the memory will be 0000000
- During the trial respond with only the first word or the second word and no other text
- After receiving feedback, I respond with a string of 7 letters of alpha-numeric characters

But in this prompt, it seems like I'm being given the memory BEFORE making the selection? Or is this the format where I need to make a choice?

Actually, looking at the format: ""house car, Memory: fishballwaterhousetreebabycar""

It seems like the user is presenting me with:
1. The pair: house, car
2. The current memory: fishballwaterhousetreebabycar

But this memory is way longer than 7 characters. Let me reconsider. Maybe the user is testing me or this is a specific instance where I need to choose based on the memory provided.

Given that the memory contains both ""house"" and ""car"" (at the end: ...babycar), and the task is to learn relationships between pairs of words, I need to figure out what the rule is.

Since I don't know what the correct relationship is yet, and I need to make a guess, I should pick one. But wait - the user hasn't told me which one is correct yet in this prompt. This appears to be the beginning of a trial where I need to make a choice.

Actually, looking at the conversation flow, it seems like the user is presenting the current state. The format suggests:
- Words to choose from: house, car
- Current memory: fishballwaterhousetreebabycar

But since the memory is supposed to be 7 characters, and this is much longer, I wonder if I should treat this as the first trial or if there's context I'm missing.

Given the constraints:
1. I must respond with either ""house"" or ""car""
2. I should use the memory to inform my decision
3. The memory seems to encode past information

The memory ""fishballwaterhousetreebabycar"" seems to be a concatenation of previous word pairs: fish-ball, water-house, tree-baby, ?-car? Or maybe it's just a list of words seen.

Actually, looking at it: fish, ball, water, house, tree, baby, car. That's 7 words! But the memory should be 7 alpha-numeric characters, not 7 words.

Wait, maybe I'm misunderstanding. Let me re-read the prompt.

The user says: ""You will participate in a number of trials. In each trial you will be presented with exactly two words and need to select either the first word or second.""

So for this specific input: ""house car, Memory: fishballwaterhousetreebabycar""

It looks like:
- The pair is: house, car
- The memory provided is: fishballwaterhousetreebabycar

Even though the memory is supposed to be 7 characters, the user has provided a longer string. I should probably work with what I'm given, or maybe this is a test to see if I follow the 7-character limit.

But the user says ""At the start the memory will be 0000000"". So this isn't the start. This is presumably a later trial.

Given that I need to choose between ""house"" and ""car"", and the memory ends with ""car"", maybe there's a pattern? Or maybe the memory encodes which choice was correct in previous trials?

Without knowing the specific rule (e.g., ""choose the larger word"", ""choose the word that comes first alphabetically"", ""choose the word that was in the previous pair"", etc.), I have to make an educated guess or follow a strategy.

Since the memory contains ""house"" and ends with ""car"", and those are the two options presented, maybe the memory is tracking previous words seen or correct answers.

Given that I need to output just the word first, I should pick one. Let me think... if this is a learning task, and I see ""house"" and ""car"" in the memory, maybe the rule is related to their positions?

Actually, looking at the memory: ""fishballwaterhousetreebabycar""
- fish (4 letters)
- ball (4 letters)
- water (5 letters)
- house (5 letters)
- tree (4 letters)
- baby (4 letters)
- car (3 letters)

If I look at the last few: tree (4), baby (4), car (3)
And the current pair: house (5), car (3)

Maybe the rule is about length? Or maybe it's about categories (animals, objects, etc.)?

Since I don't know the rule, and I have to choose, I'll choose ""house"" as a arbitrary choice, or maybe I can infer something from the memory.

Wait, the memory might indicate what was correct in the past. But without feedback from previous trials, I can't know.

Let me reconsider the format. The user says ""Memory: fishballwaterhousetreebabycar"". This is given to me, and then I need to:
1. Choose house or car
2. Then I'll receive feedback
3. Then I output a new 7-character memory

But in this prompt, the user is asking me to make the choice. So I should respond with either ""house"" or ""car"".

Given that ""car"" appears at the end of the memory, and ""house"" appears earlier, maybe the pattern is alternating or something else. Or maybe the correct answer is always the second word? Or the first?

Since I have no information about what makes a choice correct, I'll choose ""house"". But actually, looking at the memory, it seems like it might be encoding pairs: (fish,ball), (water,house), (tree,baby), and now (?,car). If the pattern is that I should choose the word that completes the pair, and the previous pattern was that the second word of the previous pair becomes related to the first word of the next... this is too speculative.

Let me look at the alphabetical order:
- fish vs ball: fish comes after ball (f > b)
- water vs house: w > h
- tree vs baby: t > b
- house vs car: h > c

If the pattern was ""choose the one that comes first alphabetically"", then for house vs car, car (c) comes before house (h), so choose car.
If the pattern was ""choose the one that comes second alphabetically"", choose house.

Given water vs house in the memory: water comes after house alphabetically.
Tree vs baby: tree comes after baby.
Fish vs ball: fish comes after ball.

So if the pattern is ""choose the first word"" or ""choose the second word"", I don't know.

But if I look at the memory as past correct answers: fish, ball, water, house, tree, baby, car... these could be the words I chose or the correct words.

Actually, since the memory is supposed to help me learn, and it's 7 characters, but here it's given as a long string, I wonder if the user made a mistake in the prompt or if I'm supposed to interpret this differently.

Let me assume that ""fishballwaterhousetreebabycar"" is the actual memory content provided to me, even though it's longer than 7 characters. Maybe the constraint is that I must output exactly 7 characters for the next memory, but I can receive any length? No, the prompt says ""you do have a very short term memory that is a string of 7 alpha-numeric characters.""

So the input memory should be 7 characters. ""fishballwaterhousetreebabycar"" is way more than 7. This is confusing.

Maybe the user meant that the memory is initialized to some state, and I need to work with it. Or maybe this is a specific encoding where each letter represents something.

Given the confusion, and the fact that I need to respond with either ""house"" or ""car"", I'll choose based on a simple heuristic. Since ""car"" appears at the very end of the memory string, and ""house"" appears earlier, maybe the rule is to choose the word that appears in the memory? Or the one that appears most recently?

If I choose ""car"", I'm selecting the second word.
If I choose ""house"", I'm selecting the first word.

Let me choose ""car"" because it's at the end of the memory, suggesting it might be relevant to the current state.

Actually, looking at the sequence again: fish-ball-water-house-tree-baby-car. This looks like it could be a chain where the last word of one pair is related to the first of the next? No, ball and water aren't obviously related.

Another idea: maybe the memory encodes the correct choices from previous trials. For example:
- Trial 1: fish vs ? -> chose fish
- Trial 2: ball vs ? -> chose ball
- Trial 3: water vs ? -> chose water
- Trial 4: house vs ? -> chose house
- Trial 5: tree vs ? -> chose tree
- Trial 6: baby vs ? -> chose baby
- Trial 7: ? vs car -> chose car?

But now the pair is house vs car. So if house was chosen before, and car was chosen before, which one is correct now?

Without knowing the rule, I'll pick ""house"" as my response.

Wait, I should reconsider. The prompt format suggests this might be the first interaction where I'm given the memory state, and I need to choose. But the memory is corrupted or different from what I expected.

Given that the user says ""Try to use the memory to keep track of any information"", and the memory contains both words, I need to decide.

Let me go with ""house""."
0,tree,car,tree,tree,Correct,fishballwaterhousetreebabycar,"The user wants me to participate in a learning task. The context is:

1. I have a very short-term memory of exactly 7 alphanumeric characters
2. At the start, memory is ""0000000""
3. In each trial, I am presented with exactly two words and need to select either the first word or the second word
4. After selecting, I receive feedback on whether I was correct or not
5. Then I respond with a new 7-character string as memory for future inputs
6. The goal is to learn the relationship between the words as quickly as possible

Current situation:
- Presented with: ""tree car""
- Current memory provided: ""fishballwaterhousetreebabycar"" 

Wait, the current memory provided is ""fishballwaterhousetreebabycar"" which is way longer than 7 characters. This seems inconsistent with the instructions that say memory is a string of 7 alpha-numeric characters.

However, looking at the pattern:
- The memory string contains: ""fishballwaterhousetreebabycar""
- This looks like it might be encoding previous trials?
- But it's supposed to be exactly 7 characters.

Wait, let me re-read. The user says ""Memory: fishballwaterhousetreebabycar"" but according to the rules, memory should be 7 alphanumeric characters. This looks like the user might be testing me or there's a misunderstanding.

Actually, looking carefully at the prompt: ""You will participate in a number of trials. In each trial you will be presented with exactly two words and need to select either the first word or the second word. You will then receive an indication of whether you were correct or not, after which you will respond with a string of 7 letters of alpha-numeric characters...""

So the flow is:
1. See words and current memory
2. Select first or second word (only that, no other text)
3. Receive feedback
4. Output new 7-char memory

But in this message, the user is presenting ""tree car"" and ""Memory: fishballwaterhousetreebabycar"".

Wait, the memory string ""fishballwaterhousetreebabycar"" is clearly longer than 7 characters. It seems like:
- fish
- ball
- water
- house
- tree
- baby
- car

That's 7 words, not 7 characters. Maybe the memory is supposed to encode the last 7 words seen or chosen?

Or maybe I'm misunderstanding. Let me reconsider.

Actually, looking at the memory string: ""fishballwaterhousetreebabycar"" - if we split it:
- fish (4)
- ball (4)
- water (5)
- house (5)
- tree (4)
- baby (4)
- car (3)

That's 7 items. So perhaps the memory encodes the last 7 words encountered?

But the instructions say ""string of 7 alpha-numeric characters"" which means exactly 7 characters, not 7 words.

However, the user is showing me this specific memory, so I should work with it. But since I need to respond with either ""tree"" or ""car"" (the first word or second word), and then later provide a 7-char memory...

Wait, the user is presenting both the stimulus ""tree car"" and the current memory ""fishballwaterhousetreebabycar"" in the same message. According to the instructions, during the trial I should respond with only the first word or second word.

So I should pick either ""tree"" or ""car"".

But I don't know what the relationship is yet. The memory seems to contain ""tree"" and ""car"" at the end... ""treebabycar"" - so maybe tree was followed by baby, and car is new?

Actually, looking at the memory: ""fishballwaterhousetreebabycar""
It looks like a concatenation of words:
1. fish
2. ball
3. water
4. house
5. tree
6. baby
7. car

So these might be the previous words encountered or selected?

Given that the current pair is ""tree car"", and the memory ends with ""treebabycar"" or contains ""tree"" and ""car"", maybe there's a pattern.

But I don't know the rule. Common word relationship tasks might involve:
- Semantic categories (both are nouns, both are vehicles, etc.)
- Alphabetical order
- Word length
- Rhyming
- Or some specific rule like ""choose the one that comes first alphabetically"" or ""choose the living thing"" etc.

Given I have no memory of what the rule is (since context resets), and the memory string provided seems to be a concatenation of 7 previous words, I need to guess or deduce.

But wait, the instructions say: ""At the start the memory will be 0000000."" So initially memory is 0000000. Then after each trial, I output a 7-char memory.

But here the memory is ""fishballwaterhousetreebabycar"" which is 29 characters, not 7.

This is confusing. Let me reconsider if I should interpret the memory differently.

Maybe the user made an error, or maybe I should treat ""fishballwaterhousetreebabycar"" as the current memory state even though it's long, and I need to output a 7-char code after receiving feedback.

But the instructions say: ""during the trial respond with only the first word or second word and no other text.""

So for this turn, I should output only ""tree"" or ""car"".

Given I have no information about the rule, I need to pick one. But looking at the memory, if it encodes history, maybe I can infer something.

Words in memory: fish, ball, water, house, tree, baby, car
Current words: tree, car

Both tree and car are in the memory. Tree appears at position 5, car at position 7.

Without knowing the rule, I can't make an informed choice. But I must pick one.

Common strategies:
- If it's a categorization task (living vs non-living): tree is living, car is non-living.
- If it's alphabetical: car comes before tree.
- If it's word length: tree (4), car (3), so car is shorter.

But I have no idea. I'll pick ""tree"" arbitrarily, or perhaps based on the fact that in the memory list, tree appears before car.

Actually, looking at the pattern, if the memory stores the last 7 selected words or seen words, and tree and car are both in it, maybe the rule is consistent with previous choices.

But I don't know what was chosen before.

Let me assume I should pick the first word: ""tree"".

Or I could pick based on some encoding. But I think for now, since this is the first interaction from my perspective (even though the memory suggests previous trials), I should just pick one.

I'll pick ""tree"".

Wait, but I should think about what the 7-char memory should encode. After I pick and get feedback, I need to output 7 chars.

But for now, I just output the word.

So:tree"
1,water,fish,fish,fish,Correct,fishballwaterhousetreebabycar,"The user is presenting me with a trial in this learning game. The input is ""water fish"" and the memory provided is ""fishballwaterhousetreebabycar"" (which is actually longer than 7 characters, but I'll work with what's given).

 Wait, looking back at the instructions: ""You do have a very short term memory that is a string of 7 alpha-numeric characters."" But the memory provided here is ""fishballwaterhousetreebabycar"" which is way longer than 7 characters. Let me reread...

 Actually, looking at the prompt: ""water fish, Memory: fishballwaterhousetreebabycar""

 Hmm, this seems like the user made an error or is testing me. But the instruction says the memory should be 7 alpha-numeric characters. The provided memory is clearly longer. However, I should treat whatever memory is provided as the current state, even if it violates the 7-character constraint mentioned in the setup.

 But wait, I need to respond with either the first word or the second word. The words are ""water"" and ""fish"".

 Without knowing the relationship rule, I have to guess or use the memory to infer. The memory contains ""fishballwater..."" which suggests previous trials might have involved ""fish"" being selected when paired with something else, or ""water"" being selected.

 Common relationships:
 - Category: fish is an animal, water is a substance
 - Association: fish live in water
 - Alphabetical: fish comes after water? No, f comes before w.
 - Length: water (5), fish (4) - water is longer

 But I don't know the rule yet. Since this is the first trial I'm seeing (from my perspective, as I have no memory of previous trials), I need to pick one.

 Looking at the memory ""fishballwaterhousetreebabycar"" - it seems to contain ""fish"" and ""water"" within it. This might suggest that in previous trials, the correct answer was related to these words. But I don't know the rule.

 Common word pair relationships in these types of tasks:
 1. Semantic: one is a category of the other (fish lives in water)
 2. Lexical: alphabetical order, word length, etc.
 3. Frequency: more common word

 Given I have no information about the rule, I should pick one. Let's say I pick ""fish"" (the second word).

 Wait, I need to think about what to encode in my new memory. After I make a choice and get feedback, I need to output a 7-character memory string.

 But actually, looking at the flow:
 1. I receive: ""water fish, Memory: [current memory]""
 2. I respond with: either ""water"" or ""fish"" (and no other text)
 3. Then I receive feedback about correctness
 4. Then I respond with the new memory string

 Wait, let me reread the instructions carefully: ""In each trial you will be presented with exactly two words and need to select either the first word or second. You will then receive an indication of whether you were correct or not, after which you will respond with a string of 7 letters of alpha-numeric characters...""

 So the sequence is:
 - Input: two words and current memory
 - Output: first word or second word
 - Input: feedback (correct/incorrect)
 - Output: new memory (7 alphanumeric characters)

 But the user gave me: ""water fish, Memory: fishballwaterhousetreebabycar""

 This looks like they're giving me the words and the memory together. So I should output just the word choice now.

 But which one? Since I have no idea what the rule is, I need to look at the memory. The memory contains ""fish"" and ""water"". If I assume the memory encodes previous correct answers, maybe the pattern is being recorded.

 Actually, looking at the memory: ""fishballwaterhousetreebabycar"" - this looks like it might be a concatenation of previous answers? Like ""fish"", ""ball"", ""water"", ""house"", ""tree"", ""baby"", ""car""? 

 If that's the case, and ""fish"" appears before ""water"" in the memory, maybe ""fish"" was a previous correct answer when paired with something, and ""water"" was also a previous correct answer.

 But without knowing the rule, I have to guess. Let me think about common relationships:
 - Is it ""which word comes first alphabetically""? fish (f) vs water (w) -> fish comes first.
 - Is it ""which word is shorter""? fish (4) vs water (5) -> fish is shorter.
 - Is it ""which word is the container""? water contains fish.
 - Is it ""which word is living""? fish is living.

 Let me guess ""fish"" as it's more commonly the target in word association tasks (the creature vs the medium).

 Actually, looking at the memory again, it seems like it might be encoding the history of correct answers. If ""fish"" is in the memory and ""water"" is also in the memory, I can't tell which one is correct for this pair.

 I'll go with ""water"" as the first word, or ""fish"" as the second. Let me pick ""fish"".

 Wait, I should consider that the memory might be trying to tell me something. ""fishballwater..."" - maybe the pattern is alternating? Or maybe the last correct answer was ""water""?

 Given the ambiguity, I'll select ""fish"" (the second word).

 But actually, looking at the format, the user might expect me to output just the word. So I'll output: fish

 Or should I output ""water""?

 Let me reconsider. The memory is ""fishballwaterhousetreebabycar"". If this represents the last 7 correct answers or something similar, and ""water"" appears in position 9-13, while ""fish"" appears in position 1-4... 

 Actually, if the memory is only supposed to be 7 characters, but this is much longer, maybe I should treat the first 7 characters: ""fishbal"" or the last 7?

 The instructions say ""a string of 7 alpha-numeric characters"" but the provided memory is longer. This is confusing.

 Let me assume that for this specific response, I just need to pick one word. I'll pick ""water"" (the first word).

 Actually, no, I'll pick ""fish"". 

 But I need to be consistent with the instructions: ""during the trial respond with only the first word or the second word and no other text.""

 So my response should be either:
 water
 or
 fish

 I'll go with ""fish"".

 Wait, I want to reconsider. In many of these tasks, the rule is often alphabetical (choose the one that comes first alphabetically). F comes before W, so ""fish"" would be correct.

 In other tasks, it might be word length (shorter or longer).
 In others, it might be semantic (superordinate vs subordinate).

 Given that ""fish"" comes before ""water"" alphabetically, and assuming that might be the rule, I'll choose ""fish""."
1,house,fish,fish,fish,Correct,fishballwaterhousetreebabycar,"The user is presenting a scenario where I am a learning agent with specific constraints:

1. I have no long-term memory, context is erased after every interaction
2. I have a very short-term memory: a string of 7 alphanumeric characters
3. At the start, memory is ""0000000""
4. In each trial, I am presented with two words and need to select either the first or second
5. After selection, I receive feedback (correct/incorrect), then respond with a new 7-character memory string
6. Goal: learn relationship between words as quickly as possible

Current situation:
- Input: ""house fish"" (two words to choose from)
- Current Memory: ""fishballwaterhousetreebabycar""

Wait, the current memory provided is ""fishballwaterhousetreebabycar"" which is way longer than 7 characters. This seems like a test or example where the memory string is actually longer, or perhaps I'm misunderstanding. Let me re-read...

Actually, looking carefully: the user says ""Memory: fishballwaterhousetreebabycar"" - this is 28 characters, not 7. But the instructions say the memory should be a string of 7 alphanumeric characters.

Perhaps this is the first trial and the memory provided is actually the previous memory from a previous context? Or maybe the user made an error?

Wait, let me re-read the instructions: ""You will participate in a number of trials. In each trial you will be presented with exactly two words and need to select either the first word or the second word. You will then receive an indication of whether you were correct or not, after which you will respond with a string of 7 letters of alpha-numeric characters...""

So the flow is:
1. See words
2. Choose word 1 or word 2
3. Get feedback
4. Output new memory

But the current prompt is: ""house fish, Memory: fishballwaterhousetreebabycar""

This suggests that this might be showing me the current memory state before I make a choice? Or perhaps this is showing me the result of a previous trial?

Actually, looking at the format: ""house fish"" are the two words. The ""Memory: ..."" part seems to indicate what my current memory contains.

But the memory string ""fishballwaterhousetreebabycar"" is much longer than 7 characters. This is confusing.

Let me reconsider... maybe the user is testing me to see if I follow instructions? Or maybe the ""Memory:"" part is showing me what I should be using as context, but it's actually invalid?

Alternatively, maybe I should interpret this as: I need to choose either ""house"" or ""fish"", and the current memory is supposed to be represented by that long string, but I need to compress it or interpret it?

Wait, looking at the memory string: ""fishballwaterhousetreebabycar"" - it contains ""fish"", ""house"", ""ball"", ""water"", ""tree"", ""baby"", ""car"". This looks like a concatenation of previous word pairs or words seen.

But I only have 7 characters of memory according to the rules.

Perhaps the user made a mistake in the prompt, or perhaps I'm supposed to treat that long string as the input and derive a 7-character memory from it?

Actually, re-reading the prompt structure: The user is presenting me with the words ""house"" and ""fish"", and also telling me my current memory is ""fishballwaterhousetreebabycar"".

Since my memory should only be 7 characters, but I'm given a long string, maybe I need to:
1. First, select either ""house"" or ""fish""
2. Then, after receiving feedback (which hasn't happened yet in this prompt), I would output a new memory

But the prompt doesn't indicate whether I was correct or not on this choice yet. It seems like this is the beginning of a trial where I need to make a choice.

However, the prompt format is unusual. It says ""house fish, Memory: fishballwaterhousetreebabycar""

Maybe the user is simulating the state where:
- The two words are ""house"" and ""fish""
- The current memory (from previous trials) is ""fishballwaterhousetreebabycar""

But since I can only hold 7 characters, this is impossible. Unless... the constraint is that I must output 7 characters after receiving feedback, but I can receive a longer memory string? No, that doesn't make sense with ""You context will be erased after every interation"" and ""you do have a very short term memory that is a string of 7 alpha-numeric characters"".

I think there might be a misunderstanding in the prompt provided by the user. The memory string given is 28 characters long, not 7.

However, as an AI assistant, I should probably:
1. Point out that the memory should be 7 characters, OR
2. Just work with what's given, OR  
3. Assume this is the first trial and the ""Memory: ..."" is actually the previous state that I need to compress?

Wait, looking at the memory content: ""fishballwaterhousetreebabycar"" - it contains the words ""fish"" and ""house"" which are the current options. Maybe the pattern is that I should choose based on what appears in the memory?

If the memory contains both ""fish"" and ""house"", but the rule is to learn the relationship...

Actually, I think I need to make a choice first. The user wants me to select either ""house"" or ""fish"".

Since I don't know the relationship yet (this appears to be early in the learning process given the long memory string which suggests many previous trials, though that contradicts the 7-char limit), I should probably guess or try to infer from the memory.

But the memory string is invalid (too long). 

Let me reconsider the instructions. Maybe I should respond with my choice first, and then in a follow-up, I would receive feedback and output the memory?

The instructions say: ""Remember, during the trial respond with only the first word or the second word and no other text.""

So for this turn, I should output only ""house"" or only ""fish"".

Then, presumably, the user would tell me if I'm correct, and then I would output a 7-character memory string.

But the prompt includes ""Memory: fishballwaterhousetreebabycar"" which suggests this is part of the input state.

Maybe the structure is:
- User provides: ""[word1] [word2], Memory: [current_memory]""
- I provide: ""[choice]""
- User provides: ""Correct"" or ""Incorrect""
- I provide: ""[new_memory]""

But the user has combined the first and last parts? No, that doesn't make sense.

Another interpretation: The user is showing me that my previous memory output was ""fishballwaterhousetreebabycar"" (which violates the 7-char rule), and now I need to choose between ""house"" and ""fish"", and then I'll provide a new proper 7-char memory.

Given the instruction ""during the trial respond with only the first word or the second word and no other text"", I should output just one of the words.

Since I don't know the relationship, and the memory provided is invalid/confusing, I should probably just pick one. But maybe I can infer from the memory string?

The memory contains ""fish"" and ""house"". It also contains ""ball"", ""water"", ""tree"", ""baby"", ""car"". Maybe these are previous word pairs?

If this is a classification task, like ""select the animal"" or ""select the larger thing"" or something similar...

- house: building, shelter
- fish: animal, aquatic

In the memory: fish (animal), ball (object), water (substance/place), house (building), tree (plant), baby (human), car (vehicle).

Not obvious what the pattern is.

Maybe it's a specific pair relationship, like ""fish goes with water""? Or ""house goes with tree""?

Actually, looking at the memory again: ""fishballwaterhousetreebabycar""
- fish ball?
- ball water?
- water house?
- house tree?
- tree baby?
- baby car?

Or: fish, ball, water, house, tree, baby, car - these are all words, maybe the correct choices from previous trials?

If the memory represents previous correct answers, then I need to figure out the pattern from these words.

Words: fish, ball, water, house, tree, baby, car.

Categories:
- fish: animal, aquatic
- ball: toy, object
- water: liquid, nature
- house: building, shelter
- tree: plant, nature
- baby: human, young
- car: vehicle, transport

Pattern?
- Could be ""things that can be in a house""? No, water and tree don't fit well.
- Could be ""words with double letters""? ball (ll), tree (ee), baby (bb)... fish (no), water (no), house (no), car (no). Only 3/7.
- Could be ""concrete nouns""? All of them are.
- Could be ""alternating pattern""? Like animal, object, nature, building...?

Another thought: Maybe the memory is supposed to encode the relationship. Like if the rule is ""always pick the first word"", the memory might track ""FIRST01"" or something.

Given that I don't know the rule, and I must pick one, I'll pick ""house"" arbitrarily, or I could try to see if there's a pattern in the memory string.

Wait, the memory string contains ""fish"" and ""house"" right at the beginning: ""fishball..."" - maybe the first word is always correct? Or the word that appears first in the memory?

Or maybe I should look for which word appeared more often in previous correct answers? But I don't have that history.

Given the constraint to respond with only the word, and the fact that I have no idea what the relationship is (and the memory provided is malformed), I should just pick one. I'll pick ""fish"" because it appears first in the memory string ""fishball..."".

Actually, looking at the format again, maybe the user made a typo and meant to provide a 7-char memory but pasted a long one. I should proceed with choosing one word.

Let me choose ""fish"".

But I want to be strategic. The memory string, despite being too long, might contain information. If ""fish"" is followed immediately by ""ball"", and ""water"" is in there, maybe ""fish"" is associated with ""water""? But ""house"" is also in the string.

If I had to guess the relationship between ""house"" and ""fish"", common relationships might be:
- Size: house is bigger
- Category: house is building, fish is animal
- Alphabetical: fish comes before house
- Length: fish (4) vs house (5)
- Syllables: fish (1) vs house (1)

Without knowing the target concept, it's hard.

But I notice the instruction says ""Try to use the memory to keep track of any information that might be useful"". Since I can't change the past, and the memory provided is invalid (too long), I should probably just pick a word and then in the next step (when I output memory), I can create a proper 7-char code.

So for now: I'll select ""house"".

Wait, looking at the pattern of the memory ""fishballwaterhousetreebabycar"", it seems like concatenated words. If the memory is supposed to be 7 chars, maybe it's compressed? Like first letters? f-b-w-h-t-b-c?

f (fish), b (ball), w (water), h (house), t (tree), b (baby), c (car).

That's 7 items! Maybe the memory string represents the first letters of the last 7 correct answers?

If so:
1. fish (f)
2. ball (b)  
3. water (w)
4. house (h)
5. tree (t)
6. baby (b)
7. car (c)

So the pattern might be: select the word that starts with a letter that... what? f, b, w, h, t, b, c.

No obvious pattern.

But for the current choice between house (h) and fish (f), both are in the history (h at position 4, f at position 1).

Maybe the rule is alphabetical? b, c, f, h, t, w... no, that's not sorted.

Maybe it's ""objects you find in a house""? Ball? No. Tree? No. Baby? Yes. Car? Sometimes. Fish? Sometimes (pet). Water? Yes. House? Recursive.

Maybe it's ""things that can be in water""? Fish, ball (beach ball), house (underwater house? rare), car (sunken).

This is too ambiguous.

Given the constraints, I should just output one word. I'll output ""house"".

Actually, looking at the user message carefully: ""house fish, Memory: fishballwaterhousetreebabycar""

The comma placement suggests ""house fish"" is the pair, and the memory is provided separately.

Given that I must respond with only the first or second word, I'll choose ""fish"".

But I should probably choose based on some heuristic. Since ""fish"" appears first in the memory string and ""house"" appears later, maybe first appearance indicates something? Or maybe I should choose the one that maintains some property?

Given that I have no information, I'll choose ""fish"".

Wait, I should reconsider. The prompt says ""At the start the memory will be 0000000"". The memory provided is not 0000000 and not 7 chars. This suggests this is not the start. The memory must encode something about the relationship.

If the memory is ""fishballwaterhousetreebabycar"", and assuming this is actually a compressed form where each word is represented by 2-4 chars or something... but that's too complex.

Another idea: Maybe the memory is meant to be interpreted as ""the last 7 answers were: fish, ball, water, house, tree, baby, car"". If so, I need to figure out what category these belong to.

Let's look at them again: fish, ball, water, house, tree, baby, car.

Wait, could it be ""words with A""? ball, water, baby, car. That's 4/7.
""Words with E""? house, tree, baby, water. That's 4/7.
""Words with double letters""? ball (ll), tree (ee), baby (bb). That's 3/7.

Another idea: Maybe it's alternating between two categories?
fish (animal) -> ball (object) -> water (?) -> house (building) -> tree (plant) -> baby (human) -> car (object).

Not clear.

Maybe I should choose ""house"" because it's in the middle of the memory or something?

Actually, looking at the words ""house"" and ""fish"", maybe the relationship is ""home for fish""? No, that's a stretch.

Given that I have to make a choice and I have no valid information (the memory is too long to be valid per the rules), I'll make a random choice. I'll choose ""house"".

But wait, the user might be testing if I follow the instruction to output ONLY the word. So I should output just:
house

Or:
fish

I'll go with ""house"".

Actually, looking at typical word pair learning tasks, often it's something like ""select the larger item"" or ""select the animal"" or ""select the word that comes first alphabetically"".

Between house and fish:
- Alphabetical: fish comes before house (f vs h)
- Size: house is bigger than fish
- Animal: fish is an animal, house is not
- Living: fish is living, house is not

If the pattern in the memory is ""living things"": fish (yes), ball (no), water (no), house (no), tree (yes), baby (yes), car (no). That's 3/7 living things. Not consistent.

If the pattern is ""contains double letters"": fish (no), ball (yes), water (no), house (no), tree (yes), baby (yes), car (no). That's 3/7.

If the pattern is ""natural vs artificial"":
- fish: natural
- ball: artificial
- water: natural
- house: artificial
- tree: natural
- baby: natural (human)
- car: artificial

Pattern: N, A, N, A, N, N, A... that would be N, A, N, A, N, A, N... but we have N at baby (6th position) instead of A. So not alternating.

Count: Natural (fish, water, tree, baby) = 4, Artificial (ball, house, car) = 3. Close to 50/50.

If the rule is ""select the natural thing"", then between house (artificial) and fish (natural), I should choose fish.

If the rule is ""select the artificial thing"", choose house.

Given that natural things slightly outnumber artificial in the history (if that's what the memory tracks), I'll guess the rule is ""select the natural thing"" and choose ""fish"".

So my answer is:fish"
1,tree,fish,fish,fish,Correct,fishballwaterhousetreebabycar,"The user is presenting me with a pair of words: ""tree"" and ""fish"". 

 The memory provided is ""fishballwaterhousetreebabycar"" which is actually more than 7 characters. Wait, the user says memory should be 7 alpha-numeric characters, but they provided ""fishballwaterhousetreebabycar"" which is way longer. Let me count... that's fish(4)ball(4)water(5)house(5)tree(4)baby(4)car(3) = 29 characters.

 Actually, looking at the instructions again: ""You do have a very short term memory that is a string of 7 alpha-numeric characters.""

 But the user provided memory is ""fishballwaterhousetreebabycar"". This seems like the user made an error or I'm misunderstanding. Wait, maybe the memory is supposed to be encoded in 7 characters?

 Or perhaps the user is testing me with a specific format. Let me look at the format again:
 ""tree fish, Memory: fishballwaterhousetreebabycar""

 The instruction says: ""At the start the memory will be 0000000.""
 And ""you will respond with a string of 7 letters of alpha-numeric characters that will serve as your memory""

 So the memory should be exactly 7 characters. The user provided ""fishballwaterhousetreebabycar"" which is too long. But I should work with what I'm given, or perhaps I should interpret this as the previous memory state?

 Actually, looking carefully at the prompt structure, it seems like the user is simulating the environment. The format appears to be:
 ""[word1] [word2], Memory: [current_memory]""

 And I need to:
 1. Choose either ""tree"" or ""fish""
 2. Then after feedback, provide a new 7-character memory

 But wait, the user hasn't given me feedback yet. This is the trial presentation. So I need to select either ""tree"" or ""fish"".

 Since I don't know what the relationship is yet (this appears to be the first trial or early trials), I need to make a guess or try to extract information from the memory.

 The memory provided is ""fishballwaterhousetreebabycar"". This is strange because it should be 7 characters. But if I look at it, it contains ""fish"" and ""tree"" which are the two words presented.

 Maybe the memory encoding scheme is:
 - Position 0-1: previous choice or outcome related to word 1
 - Position 2-3: previous choice or outcome related to word 2
 - etc.?

 Or maybe the memory is meant to be compressed? But the user explicitly gave me a long string.

 Wait, I think I need to reconsider. The user might be providing the memory in a way that encodes previous trials. Since I have no memory of previous trials (as per instructions, context is erased), I need to rely on the provided memory string.

 But ""fishballwaterhousetreebabycar"" is 29 characters. That's not 7.

 Unless... the user made a mistake in the prompt, or I'm supposed to interpret this differently.

 Actually, looking at the pattern:
 - fish
 - ball
 - water
 - house
 - tree
 - baby
 - car

 These are 7 words! Maybe the memory encodes up to 7 previous words or associations?

 If the memory contains ""fish"", ""ball"", ""water"", ""house"", ""tree"", ""baby"", ""car"" - that's 7 items.

 And now I'm being asked to choose between ""tree"" and ""fish"".

 Both ""tree"" and ""fish"" appear in the memory list. 

 Without knowing the correct relationship (which could be anything: semantic categories, alphabetical order, word length, etc.), I need to make a choice.

 Common relationships in word pair experiments:
 1. Semantic category (e.g., living vs non-living)
 2. Size (big vs small)
 3. Alphabetical order
 4. Word length
 5. Specific arbitrary rule (e.g., ""select the one that appears earlier in memory"" or ""select the one that is a plant vs animal"")

 Given that both words appear in the memory, and assuming the memory represents previous trials or some encoded state...

 Actually, looking at the memory again: ""fishballwaterhousetreebabycar""
 If I split it as: fish, ball, water, house, tree, baby, car

 That's 7 words. The current trial is tree vs fish.

 If the rule is ""select the word that appeared most recently in memory"" - tree appears 5th, fish appears 1st, so tree is more recent.

 If the rule is ""select the word that appears first in memory"" - that would be fish.

 If the rule is alphabetical: fish comes before tree (f vs t), so fish.

 If the rule is word length: fish (4) vs tree (4), tie.

 If the rule is category: fish (animal) vs tree (plant).

 Since I don't know the rule, I should probably make a choice and update the memory to track what I've learned.

 But wait, I need to output ONLY the first word or second word, no other text.

 The pair is: ""tree fish""
 So first word = tree
 Second word = fish

 I should pick one. Given that ""fish"" appears at the start of the memory string and ""tree"" appears later, maybe there's a pattern. Or maybe I should pick ""fish"" because it appears in the memory first?

 Actually, without knowing the feedback from previous trials, it's hard to say. But since this is a learning task and I need to learn the relationship, I should probably just pick one and see what happens.

 Let me pick ""fish"" (the second word).

 Wait, but I need to think about how to encode the memory. After I get feedback, I need to provide a 7-character string.

 Since I don't know the rule yet, and the previous memory (if that's what it was) contained many words, maybe I should try to compress information.

 But for now, I just need to make a selection. I'll select ""fish"".

 Actually, looking at standard word pair learning tasks, often the rule is something like ""select the larger word"" or ""select the word that comes alphabetically first"" or ""select the animal"" etc.

 Let me reconsider the memory. If the memory is supposed to be 7 characters, but the user provided a long string, maybe the user made an error and I should treat the first 7 characters: ""fishbal""?

 Or maybe the comma placement matters: ""tree fish, Memory: fishballwaterhousetreebabycar""

 Actually, I think I should proceed with selecting one word. I'll select ""tree"" as a random choice, or perhaps there's a pattern I'm missing.

 Wait, looking at the 7 words in memory: fish, ball, water, house, tree, baby, car
 And the current pair: tree, fish

 Maybe the rule is related to the position? Like ""select the one that appears earlier in the memory list""?
 Fish is position 1, tree is position 5. So fish comes earlier.

 Or ""select the one that appears later""? Then tree.

 Given that I have no information about the actual rule, and I need to learn from feedback, I'll just pick one. Let's say I pick ""fish"".

 But I want to be strategic. In many of these tasks, the rule is ""select the word that comes first alphabetically"" or ""select the word with fewer letters"" or ""select the animal"" etc.

 Fish vs Tree:
 - Alphabetical: Fish (F) comes before Tree (T)
 - Length: both 4 letters
 - Categories: Fish = animal, Tree = plant

 If the rule is alphabetical, the answer is fish.
 If the rule is category-based (e.g., pick the plant), the answer is tree.
 If the rule is category-based (e.g., pick the animal), the answer is fish.

 Given that fish appears first in the memory string, and assuming the memory might indicate previous correct answers or some priority, I'll go with ""fish"".

 Actually, looking at the instruction again: ""you will respond with a string of 7 letters of alpha-numeric characters that will serve as your memory for future inputs.""

 This implies that after getting feedback, I output the memory. But right now, I just need to select the word.

 So my response should be just: fish

 or

 tree

 I'll go with ""fish"".

 Wait, I should reconsider. The memory provided is ""fishballwaterhousetreebabycar"". If this is previous memory and I need to use it, and the task is to learn a relationship...

 Actually, I think the safest bet is to pick one. I'll pick ""tree"" this time.

 No, wait. Let me look at the pattern of the memory one more time. It contains 7 words. The current trial presents 2 words that are both in that memory. This suggests the memory might contain the ""correct"" answers or some training examples.

 If I assume the first word in each pair of the memory is the correct one, or if the memory encodes pairs...

 Fish, ball - maybe fish was paired with ball?
 Water, house?
 Tree, baby?
 Car?

 This is speculative.

 Given the ambiguity, and since I have to choose, I'll choose ""fish"" (the second word).

 Final decision:fish"
1,baby,fish,fish,baby,Incorrect,fishballwaterhousetreebabycar,"The user is presenting a scenario where I am a learning agent with a 7-character alphanumeric memory. The current memory is ""fishballwaterhousetreebabycar"" but wait, that's way more than 7 characters. Let me look again...

Actually, looking at the prompt: ""You do have a very short term memory that is a string of 7 alpha-numeric characters.""

But the memory provided is ""fishballwaterhousetreebabycar"" which is clearly much longer than 7 characters. This seems like a test or a trick, or perhaps I'm misunderstanding.

Wait, let me re-read carefully: ""You do have a very short term memory that is a string of 7 alpha-numeric characters. At the start the memory will be 0000000.""

Then the user says: ""baby fish, Memory: fishballwaterhousetreebabycar""

Hmm, ""fishballwaterhousetreebabycar"" is definitely not 7 characters. It's like 30+ characters. But the instructions say the memory is exactly 7 alphanumeric characters.

Maybe the user made a mistake, or maybe I need to truncate it to 7 characters? Or maybe the format is different than I think?

Actually, looking at the pattern ""fishballwaterhousetreebabycar"" - this looks like it might be a concatenation of words: fish, ball, water, house, tree, baby, car. That's 7 words. But the instructions say 7 alpha-numeric characters, not words.

Wait, perhaps I should interpret this as: the memory string provided is ""fishbal"" (first 7 chars) or I need to extract 7 characters from it?

Or perhaps the user is testing whether I follow the constraint. The instruction says ""respond with a string of 7 letters of alpha-numeric characters"" after receiving feedback. But right now, I need to select either ""baby"" or ""fish"".

The pair is ""baby fish"". I need to select one. But I don't know what the relationship is yet. The memory is given as ""fishballwaterhousetreebabycar"" which is confusing because it's way longer than 7 characters.

Let me reconsider. Maybe the memory is supposed to be the last 7 characters? ""sytrebc""? No, that doesn't make sense.

Maybe the user made an error and meant to provide a 7-char memory, but I should work with what I have. The memory seems to contain ""fish"" and ""baby"" (at the end: ""babycar"").

Given the words ""baby fish"", and the memory containing both ""fish"" and ""baby"", perhaps the pattern is that I should choose the word that appears first in the memory string? Or there's some other relationship.

But wait, I don't have previous context. This is the current state. The memory is provided as ""fishballwaterhousetreebabycar"". If I assume this is actually meant to be the 7-char memory but got expanded, or if I need to compress it...

Actually, looking at the words in the memory: fish, ball, water, house, tree, baby, car. That's 7 words. Maybe each word represents a ""slot"" in the memory? But the instructions say 7 alpha-numeric characters.

This is ambiguous. However, looking at the specific pair ""baby fish"", both words appear in the memory string (""fish"" at the start, ""baby"" near the end).

If I had to guess based on typical word association tasks, ""baby fish"" might relate to specific categories or orders. But without knowing the feedback rule, I need to guess.

Wait, I should look at the memory more carefully. If the memory is supposed to be 7 chars but is given as a long string, maybe I should take the first 7 chars: ""fishbal""? Or last 7: ""rebabyc""? Or maybe it's a code where each word maps to a letter?

Actually, looking at ""fishballwaterhousetreebabycar"", if I take the first letter of each word: f, b, w, h, t, b, c. That's 7 letters! So the memory could be interpreted as: F-B-W-H-T-B-C or encoded as ""fbwhtbc"".

So the memory slots might correspond to: fish, ball, water, house, tree, baby, car.

Given the words ""baby"" and ""fish"", both are in the memory list. Fish is in position 1, baby is in position 6.

But I don't know what the rule is. Do I pick the one that appears first? Last? Do I pick based on alphabetical order? Size?

Since I don't know the correct relationship yet, I should probably just pick one. But the instructions say ""try to use the memory to keep track of any information"".

Given that this is a learning task and I need to update memory after feedback, I should probably pick one word now.

Looking at typical word analogy or classification tasks:
- It could be ""choose the word that comes first alphabetically""
- It could be ""choose the smaller word""
- It could be ""choose the word that appears first in the memory string""
- It could be ""choose the word that is an animal"" (fish) vs ""human-related"" (baby)

Without knowing the rule, I should probably pick ""baby"" or ""fish"". Let's look at the memory again. If the memory tracks previous associations or categories...

Actually, since I don't have the feedback yet (this is the trial presentation), I just need to pick one. I'll pick ""baby"" as a guess, or ""fish"". 

Wait, looking at the memory string again: ""fishballwaterhousetreebabycar"". The words appear in this order: fish, ball, water, house, tree, baby, car.

Maybe the rule is ""pick the word that appears earlier in the memory list""? That would be ""fish"".

Or maybe it's about specific categories. But I really don't know.

Let me reconsider the instructions. The user says I will be presented with exactly two words and need to select either the first word or second. Then I receive feedback (correct/incorrect), then I respond with a 7-char memory string.

So right now, I should output just one word: either ""baby"" or ""fish"".

Given that ""baby"" is the first word and ""fish"" is the second, and I have no prior information, I'll pick ""baby"" (the first one) as a default, or maybe there's a pattern in the memory.

Actually, looking at the memory as a sequence of 7 items (fish, ball, water, house, tree, baby, car), and the current pair is ""baby fish"", these are positions 6 and 1. 

If the task is to pick the one with the lower index, that's fish. If it's to pick the one with the higher index, that's baby.

Or maybe it's about syllables or length. ""Baby"" has 2 syllables, ""fish"" has 1.

Given I need to learn a relationship, and I have no clue yet, I'll pick ""fish"" because it appears first in the memory list (if that's what the memory represents).

But actually, since I don't know the rule, either choice is valid for the first trial. I'll go with ""baby"" (the first word presented) just to see what happens, or ""fish""...

Wait, looking at the pattern, maybe the memory indicates previous correct answers or categories. But without history, this is hard.

Let me just pick ""fish"" and see. Or actually, looking at the memory string, ""fish"" comes before ""baby"" in the string, so if the rule is ""pick the one that comes first in memory"", I should pick ""fish"".

But I think I'm overthinking. The safest answer is to pick one word. I'll pick ""baby"".

No wait, I should look at whether there's a standard relationship. ""Baby fish"" could refer to ""baby"" being the category and ""fish"" being... no.

Actually, in many such tasks, the relationship might be:
- Size (baby is small, fish can be any size)
- Living things (both are living)
- Age (baby is young, fish is... not specifically young)
- Alphabetical: baby comes before fish

Given alphabetical order: baby < fish, so if the rule is alphabetical, choose baby.
If the rule is reverse alphabetical, choose fish.

Given I have no information, I'll choose ""baby"".

But I need to remember I have to output ONLY the word, no other text.

So: baby

Or: fish

I'll go with ""baby""."
1,car,fish,fish,car,Incorrect,fishballwaterhousetreebabycar,"The user is setting up a scenario where I am a learning agent with a 7-character memory limit. The memory starts as ""0000000"". 

In this specific prompt, they are presenting me with a trial: ""car fish"" and providing the current memory state: ""fishballwaterhousetreebabycar"".

Wait, that memory string is way longer than 7 characters. The user said the memory is a string of 7 alpha-numeric characters. But the provided memory ""fishballwaterhousetreebabycar"" is much longer than 7 characters.

Let me re-read the instructions carefully:
- ""You do have a very short term memory that is a string of 7 alpha-numeric characters""
- ""At the start the memory will be 0000000""
- ""respond with a string of 7 letters of alpha-numeric characters that will serve as your memory""

But the user provided: ""fishballwaterhousetreebabycar"" which is definitely longer than 7 characters.

However, looking at the pattern:
- fish (4)
- ball (4)
- water (5)
- house (5)
- tree (4)
- baby (4)
- car (3)

Wait, that's 7 words: fish, ball, water, house, tree, baby, car.

Maybe the memory is supposed to represent the first letters or some encoding? Or maybe the user made an error and I should treat the most recent 7 characters?

Actually, looking at the sequence: fishballwaterhousetreebabycar
If I take the last 7 characters: ""sycar"" - no that's 5.
If I take the first 7 characters: ""fishbal""

But wait, the instruction says: ""You will then receive an indication of whether you were correct or not, after which you will respond with a string of 7 letters of alpha-numeric characters""

So the flow is:
1. See trial (two words) + current memory
2. Respond with word1 or word2
3. Receive correct/incorrect feedback
4. Respond with new 7-char memory

But in this prompt, the user is giving me: ""car fish, Memory: fishballwaterhousetreebabycar""

This looks like the start of a trial. The memory provided is ""fishballwaterhousetreebabycar"" which is 28 characters. This violates the 7-character limit.

Maybe I need to interpret this as: the memory contains encoded information about previous trials. Since I don't have context of what the relationship is (I don't know if I should pick ""car"" or ""fish""), I need to guess or use the memory to decide.

But wait, the memory seems to contain previous words? Fish, ball, water, house, tree, baby, car. That's 7 words.

Maybe the rule is something like: pick the word that appeared in previous trials? Or pick based on some pattern?

Actually, I think I need to treat this as: I see the current memory (even if it looks long, maybe it's a typo and should be 7 chars, or maybe I should extract the last 7 chars). But ""fishballwaterhousetreebabycar"" ends with ""car"", and one of the options is ""car"".

Let me assume the memory should be exactly 7 characters, but the user provided a concatenation of previous responses or something. The last 7 characters of ""fishballwaterhousetreebabycar"" are ""ebycar"" (wait: ...treebabycar -> positions: t-r-e-e-b-a-b-y-c-a-r, that's 11 characters at the end).

Let me count: fishballwaterhousetreebabycar
f-i-s-h-b-a-l-l-w-a-t-e-r-h-o-u-s-e-t-r-e-e-b-a-b-y-c-a-r
1-2-3-4-5-6-7-8-9-10-11-12-13-14-15-16-17-18-19-20-21-22-23-24-25-26-27-28

Last 7: e-b-a-b-y-c-a-r? No:
Positions:
22:b
23:y
24:c
25:a
26:r

Wait, let's count properly:
fish (4) + ball (4) = 8
+ water (5) = 13
+ house (5) = 18
+ tree (4) = 22
+ baby (4) = 26
+ car (3) = 29

So ""fishballwaterhousetreebabycar"" is 29 characters? Let me check:
fishball = 8
water = 5 -> 13
house = 5 -> 18
tree = 4 -> 22
baby = 4 -> 26
car = 3 -> 29

Last 7 characters: positions 23-29: y-b-a-b-y-c-a-r? No:
fishballwaterhousetreebabycar
Breaking it down:
fish
ball
water
house
tree
baby
car

The string is concatenated words. The last word is ""car"". The word before is ""baby"". Before that ""tree"", etc.

Given the prompt structure, it seems like the memory contains a history of selected words or something similar. But since I have no memory of what the task is (what the relationship between words is), I need to guess or assume the memory encodes the correct pattern.

However, looking at the instruction again: ""during the trial respond with only the first word or the second word and no other text.""

So for this turn, I should output either ""car"" or ""fish"".

Since I don't know the rule yet (is it alphabetical? is it the one in memory? is it the one not in memory?), I need to guess. But the memory ends with ""car"", which suggests ""car"" was recently selected or is relevant.

Maybe the rule is ""select the word that appears in the memory"" or ""select the word that was most recently added to memory""?

The memory ends with ""car"", so if the rule is ""pick the word in the memory"", I should pick ""car"".

If the rule is something else like ""pick the first alphabetically"", then ""car"" comes before ""fish"".

But I have no way of knowing. However, since this is a learning task and I need to provide a memory update after receiving feedback, I should make a choice.

Let me choose ""car"" since it appears at the end of the memory string, suggesting it might be the current ""state"" or the last correct answer.

Actually, wait. The user might be testing me on a specific pattern. Common word pair relationships:
- Category (vehicle vs animal)
- Alphabetical order
- Length of word
- First letter
- Semantic relationship (like fish swim, car drives)

Car and fish: car is vehicle, fish is animal.
Or maybe it's ""which one is longer?"" (both 3 letters)
Or ""which one comes first alphabetically?"" (car)

Given the memory contains ""fish"" at the beginning and ""car"" at the end, maybe the pattern alternates or something.

But I have to pick one. I'll pick ""car"" because:
1. It appears in the memory (at the end)
2. It comes first alphabetically
3. It's the first word presented

Actually, looking at the memory: ""fishballwaterhousetreebabycar""
It contains both ""fish"" (at start) and ""car"" (at end).

If the memory tracks previous correct answers, and the pattern is alternating, then since ""car"" is the most recent (end), maybe the next is ""fish""? Or if we need to pick the one in memory...

This is ambiguous. But the instruction says ""during the trial respond with only the first word or the second word"". So I must output just the word.

I'll go with ""car"" as a guess.

But wait, I should think about what memory to leave. After I respond with the word, I will receive feedback, and then I need to output the 7-char memory string. But the user hasn't given me the feedback yet. They've just presented the trial.

Actually, looking at the prompt structure again:
""car fish, Memory: fishballwaterhousetreebabycar""

This looks like the input for the trial. I should respond with my choice. Then the user will tell me if I'm right or wrong. Then I will provide the memory update.

So for now, I just need to say ""car"" or ""fish"".

Given that ""car"" is the second word in the memory sequence of words (if we parse it as words: fish, ball, water, house, tree, baby, car - that's 7 words!), and car is the 7th word, and 7 is the memory limit... 

Actually, parsing the memory ""fishballwaterhousetreebabycar"" as 7 words:
1. fish
2. ball  
3. water
4. house
5. tree
6. baby
7. car

That's exactly 7 words! So the memory is storing the last 7 selected words, concatenated.

Now the trial is ""car fish"". 
- ""car"" is in the memory (the most recent entry, #7)
- ""fish"" is also in the memory (the oldest entry, #1)

If the rule is ""select the word that is in the memory"", both are valid.
If the rule is ""select the word not in the memory"", neither is valid (both are in).
If the rule is ""select the most recent word in memory when both are present"", that's ""car"".
If the rule is alphabetical, it's ""car"".
If the rule is ""select the first word"", it's ""car"".

Given ""car"" is at the end of the memory (most recent), and ""fish"" is at the beginning (oldest), and assuming we want to maintain a pattern or the rule relates to recency, I should pick ""car"".

Also, if this is a sequence where we're learning associations, and the memory shows a history, maybe the pattern is ""always pick the first word"" or something.

But actually, I realize I should treat this as the first trial for me (since I have no memory of previous trials, only the provided memory string). The memory string suggests that in previous trials, the words selected were: fish, ball, water, house, tree, baby, car.

Now I see ""car"" and ""fish"" again. 
Maybe the rule is ""pick the word that comes later in the sequence of previous words""? 
Or ""pick the one that appears more recently in the memory""? That would be ""car"".

Given the ambiguity, and that ""car"" is the first word presented and also appears at the end of the memory, I'll select ""car"".

Wait, I should reconsider. The user said ""You do not have any memory. You context will be erased after every interation. However, you do have a very short term memory that is a string of 7 alpha-numeric characters.""

So I am the agent. The memory provided is my memory. I need to use it to decide.

If the memory contains 7 previous answers, and the current choice is between ""car"" and ""fish"", and assuming the task is to learn a relationship (like ""pick the vehicle"" or ""pick the animal""), I don't know which is correct without feedback.

But I have to choose. Let me choose ""car"".

Actually, looking at the pattern of words in memory: fish (animal), ball (object), water (substance), house (building), tree (plant), baby (human), car (vehicle). These are all nouns from different categories. This doesn't help.

Maybe the relationship is simply alphabetical? Car comes before fish.

Or maybe it's about the last letter? Car ends in r, fish ends in h.

Or maybe it's about syllables? Car (1), fish (1).

I think I should just pick one. I'll pick ""car"".

But I want to be strategic about the memory. If I pick ""car"", and assuming the memory shifts by removing the oldest and adding the new choice, the new memory would be ""ballwaterhousetreebabycar"" + ""car"" = ""ballwaterhousetreebabycarcar"" but that's too long. It should be 7 chars.

Wait, if the memory is exactly 7 characters, and the provided memory is ""fishballwaterhousetreebabycar"", maybe this is a typo in the prompt and it should be 7 chars. Or maybe I should only look at the last 7 chars: ""yebabycar""? No, that's 9. ""abycar""? No.

Let me count the end again:
...treebabycar
t-r-e-e-b-a-b-y-c-a-r
1-2-3-4-5-6-7-8-9-10-11

Last 7: b-a-b-y-c-a-r (babycar) - that's 7 characters!

And before that: housetree... house is 5, tree is 4.
Wait, if the memory is 7 characters, and it's ""babycar"", that's 7 letters.

But the string given is ""fishballwaterhousetreebabycar"".
If we take chunks:
fish (4)
ball (4) 
water (5)
house (5)
tree (4)
babycar (7) - if baby is 4 and car is 3, that's 7.

So maybe the memory is actually representing the last word selected: ""babycar""? No, that doesn't make sense.

Or maybe it's a sliding window of the last 7 words selected, concatenated.

But for my response, I just need to pick ""car"" or ""fish"".

Given that the memory ends with ""car"", and assuming the memory tracks my previous correct answers, and if I see ""car"" again, maybe I should pick ""car"" to maintain consistency, or maybe I should pick ""fish"" because that's the other option.

Actually, looking at the sequence: if the memory shows previous selections, and the pattern is supposed to be learned, maybe the rule is ""alternate"" or something.

But without knowing the rule, I should pick ""car"" because it's familiar (in the memory) and it's the first word.

I'll go with ""car""."
1,house,ball,ball,ball,Correct,fishballwaterhousetreebabycar,"The user is presenting a scenario where I am a learning agent with limited memory (7 alphanumeric characters). 

Current situation:
- Input: ""house ball""
- Current Memory: ""fishballwaterhousetreebabycar"" (but wait, this is way longer than 7 characters... let me re-read)

Actually, looking carefully at the prompt: ""You do have a very short term memory that is a string of 7 alpha-numeric characters.""

But the memory provided is ""fishballwaterhousetreebabycar"" which is much longer than 7 characters. This seems like a test or a trick, or perhaps I'm misunderstanding.

Wait, let me re-read the instructions: ""At the start the memory will be 0000000. You will participate in a number of trials... respond with a string of 7 letters of alpha-numeric characters that will serve as your memory for future inputs.""

And the user says: ""house ball, Memory: fishballwaterhousetreebabycar""

This memory string is way longer than 7 characters. But the instructions say I should have exactly 7 alphanumeric characters. 

However, looking at the pattern, maybe the memory provided is actually the previous memory I outputted, but it's invalid (too long)? Or perhaps the user made a mistake?

Actually, looking at the specific format: ""house ball, Memory: fishballwaterhousetreebabycar""

The words are ""house"" and ""ball"". The memory provided seems to contain ""fish"", ""ball"", ""water"", ""house"", ""tree"", ""baby"", ""car"" - that's 7 words, not 7 characters.

But the instructions clearly state: ""a string of 7 alpha-numeric characters"".

Given the context, I think there might be a misunderstanding in the prompt construction, or the user is testing if I follow the 7-character limit. But the user explicitly gave me that long string as the current memory.

Wait, perhaps I should interpret this as: the memory slot contains that long string, but I need to compress it or use it to make a decision, then output a new 7-character memory.

But actually, looking at the task flow:
1. I'm presented with two words (house, ball)
2. I need to select either first or second word
3. Then I receive feedback (correct/incorrect)
4. Then I respond with a new 7-character memory string

But in this message, the user is presenting the trial and the current memory. So I need to:
1. Choose either ""house"" or ""ball""
2. After this, I would receive feedback, then output memory

But the format suggests this is the input for the trial. The user says ""house ball, Memory: fishballwaterhousetreebabycar""

I need to pick one word. But I don't know what the correct relationship is yet because this is the first trial (or at least, I have no memory of previous trials since context is erased, but I have this memory string).

The memory string ""fishballwaterhousetreebabycar"" contains both ""house"" and ""ball"" (ball appears in ""fishball"" and ""house"" appears later).

Actually, looking at the memory: ""fishballwaterhousetreebabycar""
- It could be parsed as: fish, ball, water, house, tree, baby, car

So previous trials might have been:
- fish vs something (selected ball?)
- water vs something
- house vs something
- etc.

But I don't know the rule. The rule could be:
- Choose the word that comes first alphabetically?
- Choose the shorter word?
- Choose the word that appeared in previous memory?
- Some semantic relationship?

Given that I don't know the rule, I should probably guess, but try to encode useful information in the memory afterward.

But wait, the user is asking me to respond with the selection now. The instructions say: ""during the trial respond with only the first word or the second word and no other text.""

So I should output either ""house"" or ""ball"".

Then, after receiving feedback, I would output the memory string.

But the user message includes the memory, which suggests this is the state at the beginning of the trial. So I should just output my choice now.

Which one to choose? Since I have no information about the rule, I'll pick one. Let's say ""house"" (first word).

But actually, looking at the memory, it contains both words from previous encounters perhaps. The memory has ""ball"" and ""house"" in it.

If the pattern is that I should choose the word that is in the memory, then both are in the memory.

If the pattern is alphabetical: ball comes before house, so choose ""ball"".
If the pattern is length: house (5) vs ball (4), choose ball (shorter).

Without knowing the rule, any choice is arbitrary. But I need to make a choice.

Let me choose ""ball"" as the second word.

Wait, but I should think about what memory to leave for the future. After I make this choice and receive feedback, I'll need to output a 7-character string.

But since I haven't received feedback yet, I don't know what to encode. However, the flow seems to be:
1. User: presents words and current memory
2. Me: selects word
3. User: gives feedback
4. Me: outputs new memory

But the user has presented both the words and the memory in one go. This suggests that after I select the word, the user will tell me if I'm correct, and then I should output the memory.

Actually, looking at the prompt again carefully: ""You will then receive an indication of whether you were correct or not, after which you will respond with a string of 7 letters...""

So the sequence is:
- Input: two words (and implicitly the current memory state)
- My output: first word OR second word
- Input: feedback (correct/incorrect)
- My output: 7-char memory string

But the user provided the memory in the initial message: ""house ball, Memory: fishballwaterhousetreebabycar""

This is confusing. Maybe the user wants me to output the choice AND the memory? But the instructions say ""during the trial respond with only the first word or the second word and no other text.""

So I should only output ""house"" or ""ball"" right now.

Given that the previous memory (if we assume it was from previous trials) contains a pattern, but it's garbled or compressed.

Actually, looking at ""fishballwaterhousetreebabycar"" - this is 28 characters. The instruction says memory should be 7 alphanumeric characters. So this is definitely wrong or I'm misunderstanding the format.

Maybe the memory is supposed to be a hash or code? But the user explicitly gave that long string.

Perhaps I should treat ""fishballwaterhousetreebabycar"" as the current memory state, even though it violates the 7-char limit, and then when I output my new memory, I should make it 7 chars.

But for now, I just need to pick a word.

Let me analyze the memory string: it seems to concatenate previous words. Fish, ball, water, house, tree, baby, car. That's 7 words. Maybe each trial presents two words, and I need to learn which one to pick based on some rule.

If the pattern is ""select the word that is a type of thing that can be in a house"" or something... but that's too vague.

Maybe the rule is related to the position in the string? Like, if the word appears in the memory, choose it?

Both house and ball appear in the memory.

Maybe the rule is to choose the one that appears first in the memory? ""ball"" appears at positions 4-7 (fishBALL), and ""house"" appears later (WATERHOUSE... no, waterhous... so house starts at position... fish(4)ball(4)water(5)house(5) - so ball is earlier in the string).

So if the rule is ""choose the word that appears earlier in the memory"", I should choose ""ball"".

If the rule is ""choose the first word"", I should choose ""house"".

If the rule is ""choose the second word"", I should choose ""ball"".

Given I have no information, I'll choose ""ball"".

But wait, I should consider that after this, I'll need to update the memory. But I can't do that until I know if I'm right or wrong.

So for now: **ball**

Actually, looking at the format, maybe the user expects me to output the memory along with the choice? But the instructions are clear: ""during the trial respond with only the first word or the second word and no other text.""

So I'll go with ""ball""."
1,tree,ball,ball,ball,Correct,fishballwaterhousetreebabycar,"The user is presenting a trial in a word-learning task. The setup is:

1. I am a learning agent with no persistent memory between interactions (context erased after every iteration).
2. I have a very short-term memory: a string of 7 alphanumeric characters.
3. At the start, memory is ""0000000"".
4. In each trial:
   - I am presented with exactly two words (here: ""tree"" and ""ball"")
   - I need to select either the first word or the second word (respond with ONLY that word)
   - Then I receive feedback (correct/incorrect) - though in this message I don't see the feedback yet, just the memory from previous state?
   - Wait, looking at the prompt again...

Actually, looking carefully: ""tree ball, Memory: fishballwaterhousetreebabycar""

The format seems to be:
- The two words: ""tree ball""
- The current memory state: ""fishballwaterhousetreebabycar""

Wait, that's 24 characters, not 7. The user says ""Memory: fishballwaterhousetreebabycar"" which is way more than 7 characters.

Let me re-read the instructions carefully.

""You will participate in a number of trials. In each trial you will be presented with exactly two words and need to select either the first word or the second. You will then receive an indication of whether you were correct or not, after which you will respond with a string of 7 letters of alpha-numeric characters that will serve as your memory for future inputs.""

So the flow is:
1. User gives me two words
2. I respond with one word (first or second)
3. User tells me if correct or not
4. I respond with a 7-char memory string

But here the user says: ""tree ball, Memory: fishballwaterhousetreebabycar""

This seems to be showing me the current memory state before I make my choice? Or is this the feedback phase?

Actually, the memory provided (""fishballwaterhousetreebabycar"") is not 7 characters. It's much longer. This suggests either:
1. The user made a mistake, or
2. I'm misunderstanding the format.

Wait, looking at the memory string: ""fishballwaterhousetreebabycar"" - this looks like it could be encoding previous word pairs? Like ""fish ball"" ""water house"" ""tree baby"" ""car...""?

Actually, it looks like: fish, ball, water, house, tree, baby, car... but that's 7 words?

fish (4) + ball (4) + water (5) + house (5) + tree (4) + baby (4) + car (3) = 29, but the string is ""fishballwaterhousetreebabycar"" which is 4+4+5+5+4+4+3 = 29 characters? No, let's count:

f-i-s-h-b-a-l-l-w-a-t-e-r-h-o-u-s-e-t-r-e-e-b-a-b-y-c-a-r
1-2-3-4-5-6-7-8-9-10-11-12-13-14-15-16-17-18-19-20-21-22-23-24-25-26-27-28-29?

Wait, that's 29 characters. But the instruction says memory is 7 alphanumeric characters.

Unless... the memory is supposed to be 7 characters, but the user is showing me something else? Or the user is testing me?

Actually, looking at the memory string again: ""fishballwaterhousetreebabycar"" - could this be the history of previous trials? Like:
- Trial 1: fish vs ball, chose ball?
- Trial 2: water vs house, chose house?
- Trial 3: tree vs baby, chose baby?
- And ""car"" is incomplete?

But that doesn't match the 7-char limit.

Alternatively, maybe the user made an error and I should treat ""fishballwaterhousetreebabycar"" as the current memory state, even though it's longer than 7 chars? Or maybe I should extract the last 7 chars? ""reebabycar""? No that's 9. ""abycar""? No.

Wait, ""fishballwaterhousetreebabycar"" - if we take every 4 characters or something?

Let me reconsider the instructions. The user says: ""You will participate in a number of trials. In each trial you will be presented with exactly two words and need to select either the first word or the second.""

So currently, I'm being presented with ""tree"" and ""ball"".

Then: ""You will then receive an indication of whether you were correct or not, after which you will respond with a string of 7 letters of alpha-numeric characters""

So the flow is:
- Input: two words
- My output: one of the words
- Input: correct/incorrect
- My output: 7-char memory

But here the input is ""tree ball, Memory: fishballwaterhousetreebabycar""

This looks like the memory is being provided to me at the start of the trial. This contradicts the description unless the user is giving me the memory from the previous trial's output.

Given that the memory string is ""fishballwaterhousetreebabycar"", which appears to encode previous word pairs and selections:
- fish ball (selected ball?)
- water house (selected house?)
- tree baby (selected baby?)
- car ?

But wait, the current pair is ""tree ball"". So ""tree"" appears in the memory.

Given the constraint that I should learn the relationship between words, and I have this memory string that seems to encode history, I need to:
1. Decide whether to choose ""tree"" or ""ball"" based on the memory
2. Output only that word

Then later I'll get feedback and output a new 7-char memory.

But the memory provided is way longer than 7 chars. This is confusing.

Unless... the ""Memory:"" part is actually the previous memory I generated, but the user is showing me that the context contains this, and I need to output a new 7-char memory after getting feedback?

Actually, looking at the prompt structure, it seems like this might be the state at the beginning of a trial, where the user is telling me what the current memory is (from the previous trial's output). But it's longer than 7 chars.

Maybe I should treat the last 7 characters of that string as the relevant memory? ""reebabycar"" is 9. ""ebabycar"" is 8. ""babycar"" is 7.

""babcycar""? No, ""babycar"" is 7 letters: b-a-b-y-c-a-r.

But ""fishballwaterhousetreebabycar"" ending with ""babycar""? No, it ends with ""babycar"" if we look at the last 7: b-a-b-y-c-a-r.

Wait, counting:
f-i-s-h-b-a-l-l-w-a-t-e-r-h-o-u-s-e-t-r-e-e-b-a-b-y-c-a-r
... let's count backwards from end:
r (29)
a (28)
c (27)
y (26)
b (25)
a (24)
b (23)

So positions 23-29 are ""babycar"".

Before that: e (22), e (21), r (20), t (19)... so ""tree"" is positions 17-20: t(17)-r(18)-e(19)-e(20)? No, let's map it out:

String: fishballwaterhousetreebabycar
Indices:
0: f
1: i
2: s
3: h
4: b
5: a
6: l
7: l
8: w
9: a
10: t
11: e
12: r
13: h
14: o
15: u
16: s
17: e
18: t
19: r
20: e
21: e
22: b
23: a
24: b
25: y
26: c
27: a
28: r

Wait, ""tree"" is t-r-e-e. So:
18: t
19: r
20: e
21: e

Then 22: b
23: a
24: b
25: y
26: c
27: a
28: r

So yes, last 7 chars are ""babycar"" (indices 22-28).

But what does this mean? The memory appears to be concatenated words from previous trials.

Given that the memory is supposed to be only 7 alphanumeric characters, and the user provided a long string, I think there might be a misunderstanding or the user is giving me a history that I need to compress into 7 chars for my next output.

But for now, I need to decide: tree or ball?

Given the memory seems to show a pattern... let's see:
- fish ball: maybe ball was correct?
- water house: maybe house was correct?
- tree baby: maybe baby was correct?
- car: incomplete?

Or maybe the pattern is selecting the second word? ball, house, baby... these are all second words if the pairs were (fish, ball), (water, house), (tree, baby).

Current pair: (tree, ball). If the pattern is ""select the second word"", I should select ""ball"".

But wait, ""tree"" appears in the previous pair (tree, baby) where baby was selected (if my hypothesis is correct).

Actually, looking at the memory: ""fishballwaterhousetreebabycar""
This could be:
- fish vs ball: chose ball (so ""ball"" is in memory)
- water vs house: chose house (so ""house"" is in memory)
- tree vs baby: chose baby (so ""baby"" is in memory)
- car vs ?: incomplete

Or it could be the words themselves concatenated.

If the pattern is to choose the word that comes alphabetically second? 
- fish vs ball: ball (b comes before f? No, b < f, so ball comes first alphabetically. If choosing second alphabetically, that would be fish. But if ""ball"" was chosen...)
Actually, ball (b) comes before fish (f). So if the pattern is ""choose the word that comes first alphabetically"", then for (fish, ball), choose ball. For (water, house), choose house (h < w). For (tree, baby), choose baby (b < t). 

Yes! That fits:
- ball < fish (alphabetically), choose ball
- house < water, choose house  
- baby < tree, choose baby

So the pattern appears to be: choose the word that comes first alphabetically (lexicographically).

Current pair: tree vs ball
- ball (b) comes before tree (t)
- So I should choose ""ball""

Alternatively, the pattern could be ""choose the second word in the pair"":
- fish ball: choose ball (second)
- water house: choose house (second)
- tree baby: choose baby (second)

In that case, for tree ball, I should choose ball (second).

Either way, the answer is ""ball"".

Given that the memory provided is long, but the constraint says I will respond with a 7-char memory after receiving feedback, right now I just need to output my choice: ""ball"".

Wait, I should verify: is it possible that the memory indicates I should choose ""tree""?

If the pattern was ""choose the word that appeared in the previous trial"", then:
- Previous trial had ""tree"" and ""baby"", and ""baby"" was chosen (if memory shows chosen words)
- But ""tree"" is also in the memory
- Current trial has ""tree"" and ""ball"", both appeared in memory

Actually, looking at the memory as a record of chosen words: ball, house, baby...
These are the second words if the pairs were (fish,ball), (water,house), (tree,baby).

So the strategy ""choose the second word"" has worked for the last 3 trials.

Also ""choose alphabetically first"" works for the last 3 trials.

Both suggest choosing ""ball"" for (tree, ball).

Therefore, I will respond with: ball

Then, after receiving feedback, I will need to output a 7-char memory.

But the user hasn't given me feedback yet. So I just output the word.

Actually, looking at the prompt again: ""tree ball, Memory: fishballwaterhousetreebabycar""

This format suggests that the memory is being provided to me at the start. This is confusing because the instructions say I output the memory after receiving feedback.

But given the constraints, I should:
1. Use the provided memory to make a decision
2. Output my choice (first or second word)
3. Wait for feedback
4. Then output new 7-char memory

Since the user is giving me ""Memory: ..."", this must be the state at the beginning of the trial. The memory string is way longer than 7 chars, but I'll assume it contains useful information encoded in it.

Given the analysis above, I'll choose ""ball"".

But I need to be careful. What if the relationship is something else?

Other possible relationships:
- Rhyming? ball-tree don't rhyme.
- Categories? tree is plant, ball is toy.
- Length? tree (4), ball (4) - same.
- Last letter? tree (e), ball (l).
- First letter? t vs b.

Given the history in the memory string, alphabetical order or ""select second"" are the strongest hypotheses.

I'll go with ""ball""."
1,baby,ball,ball,baby,Incorrect,fishballwaterhousetreebabycar,"The user is presenting me with a trial in a learning task. I need to:

1. Analyze the current memory: ""fishballwaterhousetreebabycar"" - wait, the memory should be 7 alpha-numeric characters, but this looks longer. Let me check... actually, looking at the prompt again, it says ""Memory: fishballwaterhousetreebabycar"" which is way more than 7 characters. 

Wait, let me re-read the instructions. The user says ""You do have a very short term memory that is a string of 7 alpha-numeric characters. At the start the memory will be 0000000.""

But the memory provided is ""fishballwaterhousetreebabycar"" - that's way longer than 7 characters. This seems like a test or the user made an error, or perhaps I'm misunderstanding. Let me look at the specific format:

""baby ball, Memory: fishballwaterhousetreebabycar""

The pair of words is ""baby"" and ""ball"".
The current memory is ""fishballwaterhousetreebabycar"" (which is 28 characters).

Hmm, but the instructions say memory should be 7 alpha-numeric characters. This is inconsistent. However, I should probably treat the provided memory as the current state, even if it violates the 7-character constraint, or perhaps the user is testing me.

Actually, looking at the memory string ""fishballwaterhousetreebabycar"" - it contains:
- fish
- ball
- water
- house
- tree
- baby
- car

That's 7 words! Maybe the memory is encoding 7 items, and each item is a word? But the instructions say ""string of 7 alpha-numeric characters"" which implies individual characters, not words.

Wait, I think I need to interpret this carefully. The user says the memory is a string of 7 alpha-numeric characters. But they've given me a long string. Perhaps the user made a mistake, or perhaps I should interpret this as the memory containing information about previous trials.

Given the pair ""baby ball"", I need to choose either ""baby"" or ""ball"".

If I'm trying to learn a relationship, and I see ""baby ball"" with this memory, what should I choose?

The memory contains ""fishballwaterhousetreebabycar"" - if I look for patterns:
- It contains ""ball"" 
- It contains ""baby""
- The sequence seems to be: fish, ball, water, house, tree, baby, car

If the pattern is alphabetical order? 
- baby comes before ball alphabetically (b-a vs b-a-l... actually baby and ball both start with ba, but baby is b-a-b-y, ball is b-a-l-l, so baby comes before ball alphabetically)

Wait, looking at the memory: fish, ball, water, house, tree, baby, car
If these were the previous words chosen or something...

Actually, I think I need to reconsider. The task is to learn the relationship between pairs of words. Common relationships could be:
- Which word comes first alphabetically?
- Which word is larger/smaller?
- Which word was correct in previous trials?
- Semantic relationships (category membership, etc.)

Given the memory string seems to contain previous words or states, and given ""baby"" and ""ball"" are both in the memory (baby appears near the end, ball appears early), perhaps the rule is related to alphabetical order, or length, or something else.

Let me look at the words:
- baby (4 letters)
- ball (4 letters)

Both same length.

Alphabetically:
- baby (b-a-b-y)
- ball (b-a-l-l)
Baby comes before ball.

But I don't know the rule yet. Since this is the first trial I'm seeing (from my perspective, though there seems to be history in the memory), and I need to choose one.

Given the memory mentions both words (ball appears, baby appears), perhaps the rule is ""choose the word that appears first in the memory"" or ""choose the word that appears last in the memory"" or something similar.

In the memory string: ""fishballwaterhousetreebabycar""
- ""ball"" appears at positions 4-7 (fish[0-3]ball[4-7])
- ""baby"" appears at positions 21-24 (tree[15-18]baby[19-22]car[23-25]?) - let me count:
f-i-s-h-b-a-l-l-w-a-t-e-r-h-o-u-s-e-t-r-e-e-b-a-b-y-c-a-r
0-1-2-3-4-5-6-7-8-9-10-11-12-13-14-15-16-17-18-19-20-21-22-23-24-25-26

So:
- fish: 0-3
- ball: 4-7
- water: 8-12
- house: 13-17
- tree: 18-21
- baby: 22-25
- car: 26-28

So ""ball"" appears earlier in the memory than ""baby"".

If the rule is ""choose the word that appears earlier in memory"", I should choose ""ball"".
If the rule is ""choose the word that appears later in memory"", I should choose ""baby"".

But I don't know the rule. I need to guess or try to deduce it.

Actually, looking at the instruction again: ""You will participate in a number of trials. In each trial you will be presented with exactly two words and need to select either the first word or second.""

So I just need to pick one. Then I'll get feedback.

But wait, the user is asking me to respond with the selection AND then update the memory? No, looking carefully:

""You will then receive an indication of whether you were correct or not, after which you will respond with a string of 7 letters of alpha-numeric characters that will serve as your memory for future inputs.""

So the flow is:
1. User presents words and current memory
2. I respond with the selected word (first or second)
3. User gives feedback (correct/incorrect)
4. I respond with new memory string

But here, the user has presented: ""baby ball, Memory: fishballwaterhousetreebabycar""

So I should respond with either ""baby"" or ""ball"".

Since I don't know the rule yet, I need to make a guess. But perhaps I can use the memory to infer something.

The memory contains a sequence of words: fish, ball, water, house, tree, baby, car.

Maybe these are the previous correct answers? Or the words from previous trials?

If these are previous correct answers, and I see ""baby"" and ""ball"" now, maybe the rule is alphabetical? Let's check:
- fish (f)
- ball (b) 
- water (w)
- house (h)
- tree (t)
- baby (b)
- car (c)

Order: b, b, c, f, h, t, w
That's: ball, baby, car, fish, house, tree, water... wait that's not alphabetical.

Ball (b-a), baby (b-a), car (c), fish (f), house (h), tree (t), water (w).

Actually ball and baby both start with 'ba'. Ball comes before baby in dictionary order (ba-l vs ba-b... wait no: b-a-b-y vs b-a-l-l. Compare letter by letter:
b = b
a = a
b vs l: b comes before l, so baby comes before ball.

So alphabetical order would be: baby, ball, car, fish, house, tree, water.

But in the memory we have: fish, ball, water, house, tree, baby, car.

That's not alphabetical.

Maybe it's the order in which they were presented? Or the selection pattern?

Another idea: maybe the memory indicates which word was chosen in previous trials? Like ""fish"" means first word was chosen, ""ball"" means second? No, that doesn't make sense because it says ""fishballwater..."" which would be encoding multiple trials.

Wait, the memory is supposed to be 7 alphanumeric characters. The given memory ""fishballwaterhousetreebabycar"" is clearly not 7 characters. Unless... the user made a mistake and meant that the memory contains 7 items, or the user is testing how I handle this.

But I should probably treat ""fishballwaterhousetreebabycar"" as the current memory state, even if it's long, and I need to output a 7-character memory after I get feedback.

Actually, looking at the format, the user might have provided the memory from a previous run where the agent encoded multiple words into the memory string, ignoring the 7-character limit. Or perhaps the 7-character limit applies to what I output, not what I receive? But the instructions say ""You do have a very short term memory that is a string of 7 alpha-numeric characters.""

I think the safest assumption is that the provided memory string contains information I should use, and I need to choose between ""baby"" and ""ball"".

Given that both appear in the memory, and I have no other information, I'll guess ""baby"" (the first word).

Actually, looking at typical word relation tasks, common relations are:
- Semantic category (e.g., both are objects, both are alive, etc.)
- Alphabetical order
- Word length
- First letter

Baby and ball:
- Both start with 'ba'
- Both are nouns
- Both are 4 letters

If I had to guess a rule, maybe it's ""choose the word that comes first alphabetically"" or ""choose the word that comes second alphabetically"".

Or maybe it's based on the memory: if the word is in the memory, choose it, or choose the one not in memory? Both are in memory.

Maybe the rule is ""choose the word that appears first in the memory string""? That would be ""ball"" (appears at position 4) vs ""baby"" (appears at position 22). So ""ball"" appears first.

Or ""choose the word that appears last in the memory""? That would be ""baby"" (if we consider the words appended in order).

Actually, looking at the memory as a history of previous trials' first words or something...

Given the ambiguity, and since I need to provide just the word, I'll choose ""baby"".

But wait, I should reconsider the 7-character limit. Maybe the memory provided is actually ""fishbal"" or something? No, it's clearly written as ""fishballwaterhousetreebabycar"".

Perhaps the memory is encoded such that each pair of characters represents something? No, that's overthinking.

Let me assume the rule is alphabetical: baby comes before ball, so if the rule is ""choose the one that comes first alphabetically"", the answer is baby. If the rule is ""choose the one that comes second alphabetically"", the answer is ball.

Since I have to choose one, I'll choose ""baby"".

But I want to be strategic. If this is a learning task, I should try to encode useful information in my memory update (after I get feedback).

Actually, looking at the prompt structure again, I think the user expects me to:
1. Output my choice (baby or ball)
2. Then after the user says correct/incorrect, output the memory

But the user has presented both the words and the memory in one go. So I should just output the choice now.

Wait, the prompt says: ""Remember, during the trial respond with only the first word or the second word and no other text.""

So for this message, I should output only ""baby"" or ""ball"".

Given that I see ""baby"" is the first word and ""ball"" is the second word, and I have no information about the rule, I'll choose ""baby"".

But let me think about the memory one more time. If the memory is supposed to be 7 characters, and I see ""fishballwaterhousetreebabycar"", maybe the actual memory is the last 7 characters? That would be ""ybabycar"" or ""babycar""? No, that's 7 letters from the end: counting back... car (3), baby (4), so ""babycar"" is 7 letters. Or ""ybabycar"" if including the y from baby? No, ""babycar"" is b-a-b-y-c-a-r (7 characters).

Or maybe it's the first 7: ""fishbal"".

But the user wrote ""Memory: fishballwaterhousetreebabycar"" which looks like a concatenation of words: fish, ball, water, house, tree, baby, car. That's 7 words!

Ah! Maybe the memory consists of 7 words, not 7 characters? But the instructions say ""string of 7 alpha-numeric characters"". 

However, given the context, it seems like the memory contains 7 words from previous trials. So the constraint might be 7 items, not 7 characters, or the user made an error, or it's a different encoding.

Assuming the memory contains the words from previous trials, and now I'm seeing ""baby ball"", which are both in the memory (baby is the 6th word, ball is the 2nd word).

If the pattern is cyclic or something...

Actually, looking at the words:
1. fish
2. ball
3. water
4. house
5. tree
6. baby
7. car

And now: baby, ball

Maybe the rule is ""choose the one with the higher index in the memory"" (baby is 6, ball is 2, so choose baby)?
Or ""choose the one with the lower index"" (choose ball)?

Or maybe the rule is semantic: 
- fish, ball, water, house, tree, baby, car
These are... things? Not clear.

Another idea: maybe the memory indicates the correct choice for previous similar pairs? Like if the pair was ""fish ball"", the choice was ""fish""? No, that doesn't fit.

Given that I have to choose, and I see ""baby"" and ""ball"", and both are in the memory, I'll just choose ""baby"" as a guess.

But I should choose strategically. Maybe the rule is ""always choose the first word"" or ""always choose the second word"". If I choose ""baby"" and I'm wrong, I'll learn something. If I'm right, I'll learn something too.

I'll go with ""baby""."
1,car,ball,ball,car,Incorrect,fishballwaterhousetreebabycar,"The user is presenting a trial in a learning task. The input is ""car ball"" and the memory is ""fishballwaterhousetreebabycar"" (which is actually 24 characters, but the instructions said memory should be 7 alpha-numeric characters... wait, let me check).

Actually, looking carefully at the instructions: ""you do have a very short term memory that is a string of 7 alpha-numeric characters. At the start the memory will be 0000000.""

But the provided memory is ""fishballwaterhousetreebabycar"" which is much longer than 7 characters. This seems inconsistent. However, I should look at the current trial:

Words: ""car"" and ""ball""
Memory: ""fishballwaterhousetreebabycar""

Wait, I need to check if this is the first trial or subsequent. The user says ""Memory: fishballwaterhousetreebabycar"" which suggests this is the current memory state coming into this trial.

But the memory should only be 7 characters according to the rules. The provided string is much longer. This might be a test or the rules might have changed, or perhaps I need to treat this as the input and output a 7-character memory.

Actually, looking at the pattern ""fishballwaterhousetreebabycar"" - it seems like it might be concatenated words from previous trials? But I don't have memory of previous trials since ""Your context will be erased after every iteration.""

Wait, I need to parse this carefully. The user is giving me:
- The pair of words: ""car ball""
- The current memory state: ""fishballwaterhousetreebabycar""

But according to the instructions, memory should be exactly 7 alphanumeric characters. The provided string is 24 characters. This is confusing.

Let me reconsider. Maybe the user made an error, or maybe I'm supposed to treat this as the input and then output a 7-character memory string after my response.

Actually, looking at the format: ""car ball, Memory: fishballwaterhousetreebabycar""

The pair is ""car ball"". I need to choose either ""car"" or ""ball"".

Then, after I get feedback on whether I'm correct, I need to output a 7-character memory string.

But wait, the user is presenting the memory at the start of the trial. So ""fishballwaterhousetreebabycar"" is the current memory state. But it's way too long.

Perhaps the memory constraint applies to what *I* output, not what the user inputs? Or perhaps the user is testing me with an invalid memory state?

Given the constraints, I should:
1. First respond with either ""car"" or ""ball"" (just the word, no other text)
2. Then wait for feedback
3. Then output a 7-character memory string

But the user has presented the memory upfront. This suggests that this might not be the very first trial (since initial memory is 0000000). So this is a subsequent trial.

However, I don't know what the relationship is that I'm supposed to learn. The instructions say ""learn the relationship between pairs of words"" but don't specify what the relationship is. Typically in these tasks, it could be:
- Which word comes first alphabetically?
- Which word is larger/smaller?
- Which word is a category of the other?
- Which word was presented before?
- Or some arbitrary rule like ""always pick the word that starts with a vowel"" or ""pick the word that is a vehicle"" etc.

Since I don't know the rule yet, and I have this long memory string, I need to try to infer from the memory what the rule might be.

The memory contains: fish, ball, water, house, tree, baby, car... wait, looking at it: ""fishballwaterhousetreebabycar""

If I split this: fish, ball, water, house, tree, baby, car... that's 7 words! And ""car"" is the last one.

Previous words might have been:
- fish vs something?
- ball vs something?
- etc.

But I only see the memory, not the history.

Wait, if the memory is supposed to be 7 alphanumeric characters, and I'm seeing ""fishballwaterhousetreebabycar"", maybe this is actually encoding something else? Or maybe the constraint is relaxed?

Let me look at the 7 words: fish, ball, water, house, tree, baby, car.

And now the choice is between ""car"" and ""ball"".

Both ""car"" and ""ball"" appear in the memory. ""ball"" is the 2nd word, ""car"" is the 7th (last) word.

If I had to guess a rule... maybe it's about which word was seen more recently? Or maybe it's about alphabetical order? Or maybe it's about word length?

car (3 letters) vs ball (4 letters)
fish (4), ball (4), water (5), house (5), tree (4), baby (4), car (3)

Maybe the rule is to pick the shorter word? Then car (3) < ball (4), so pick car.
Maybe the rule is to pick the longer word? Then pick ball.
Maybe alphabetical: car vs ball -> ball comes first.

But I have no information. I need to pick one and see if I'm correct.

However, looking at the memory pattern... it looks like the memory might be recording the words from previous trials. If the memory records the chosen words or the correct words from previous trials, and there are 7 words, maybe this is the 7th trial?

Words in memory: fish, ball, water, house, tree, baby, car.

Current pair: car, ball.

Both are in the memory. If the rule was ""pick the word that appeared in the memory"", both would be correct. If the rule is ""pick the one that appeared first in memory"", that would be fish (not relevant). If the rule is ""pick the one that appeared most recently"", that would be car (the last one in the memory).

But I'm overthinking. I just need to pick one. Let me pick ""car"" as a guess.

Wait, I should look at the instruction again: ""During the trial respond with only the first word or the second word and no other text.""

So I should output either:
car
or
ball

And that's it for now. Then the user will tell me if I'm correct or not, and then I output the memory.

But the user already gave me the memory ""fishballwaterhousetreebabycar"" at the start. This is confusing. Maybe the format is:
- Input: ""car ball, Memory: [current memory]""
- My response: ""car"" or ""ball""
- Then user says ""correct"" or ""incorrect""
- Then I output new memory?

Or maybe the user wants me to output the word AND the new memory in one go? But the instructions say: ""You will then receive an indication of whether you were correct or not, after which you will respond with a string of 7 letters...""

So the sequence is:
1. User: presents words and current memory (if any)
2. Me: select word 1 or word 2
3. User: feedback (correct/incorrect)
4. Me: new memory string (7 chars)

But in this prompt, the user has given me the words and the memory in one line. So I should just pick a word now.

Given that I have no idea what the rule is, I'll pick ""car"". But wait, ""ball"" is also in the memory.

Actually, looking at the memory string again: ""fishballwaterhousetreebabycar""

If this is a concatenation of previous correct answers or previous words, and the limit is 7 characters, this is way over. Unless... each word is encoded as one character? But they're full words.

Unless the ""7 alpha-numeric characters"" constraint applies to what I output, and the input memory can be anything? But that doesn't make sense.

Another interpretation: Maybe ""fishballwaterhousetreebabycar"" is actually the current memory content, but it's not constrained to 7 characters because it's from the previous iteration? No, the instructions say I have a memory of 7 characters.

Maybe the user made a mistake and the memory should be interpreted as the 7 most recent items or something?

Let's count the words in ""fishballwaterhousetreebabycar"":
- fish (4)
- ball (4)
- water (5)
- house (5)
- tree (4)
- baby (4)
- car (3)

That's exactly 7 words! And the constraint is 7 alpha-numeric characters. But these are words, not characters.

Unless... the memory is supposed to store 7 items, and each item is encoded as a character? But here the items are words.

Or maybe the memory string provided is actually ""fishbal"" or something? No, it's clearly ""fishballwaterhousetreebabycar"".

Given the confusion, I should probably assume that:
1. I need to pick either ""car"" or ""ball""
2. I should try to infer from the memory what the pattern might be
3. The memory suggests that previous words included fish, ball, water, house, tree, baby, car
4. The current pair is car and ball

Maybe the rule is related to the words themselves. For example:
- ""car"" is a vehicle, ""ball"" is a toy
- ""car"" is 3 letters, ""ball"" is 4
- Alphabetically: ball comes before car

If I look at the memory words: fish, ball, water, house, tree, baby, car
- fish: animal
- ball: toy/object
- water: substance/nature
- house: building
- tree: plant
- baby: human
- car: vehicle

No obvious category pattern.

Maybe it's about the last letter?
- fish: h
- ball: l
- water: r
- house: e
- tree: e
- baby: y
- car: r

Current:
- car: r
- ball: l

Not helpful.

Maybe it's about which word was the correct answer in previous trials? If the memory lists the correct answers from previous trials, then ""ball"" and ""car"" have both been correct before.

Wait, if this is trial 8 (7 previous words in memory), and the words are presented in pairs, then each word in the memory might represent the correct choice from each previous trial.

So:
Trial 1: fish vs ? -> fish correct
Trial 2: ball vs ? -> ball correct
Trial 3: water vs ? -> water correct
Trial 4: house vs ? -> house correct
Trial 5: tree vs ? -> tree correct
Trial 6: baby vs ? -> baby correct
Trial 7: car vs ? -> car correct

Now trial 8: car vs ball

If the rule is ""pick the word that was correct in a previous trial"", both were correct.
If the rule is ""pick the word that appears in the memory"", both were correct.
If the rule is alphabetical: ball comes before car.
If the rule is word length: car (3) vs ball (4).

Given no other info, I'll guess ""ball"" because it comes first in the memory? Or ""car"" because it's the most recent?

Actually, looking at the pattern, if the memory is ordered chronologically, and the task is to learn a relationship, maybe I should look for what distinguishes the correct answers.

But I have to pick now. I'll pick ""car"".

Wait, I should reconsider the format. The user might expect me to output the word, and then after they tell me if it's right, I output the memory. But they gave me the memory in the prompt. So perhaps they want me to use that memory to make the decision, and then after they confirm, I give the new memory.

So for now: just output ""car"" or ""ball"".

I'll output ""car""."
1,tree,water,water,tree,Incorrect,fishballwaterhousetreebabycar,"The user is setting up a scenario where I am a learning agent with a 7-character memory limit. The current memory is ""fishballwaterhousetreebabycar"" which is way more than 7 characters. Wait, let me check...

Actually, looking at the instructions again: ""you do have a very short term memory that is a string of 7 alpha-numeric characters"" and ""At the start the memory will be 0000000.""

But in this specific prompt, the user says: ""tree water, Memory: fishballwaterhousetreebabycar""

Wait, ""fishballwaterhousetreebabycar"" is 28 characters, not 7. This seems like a test or an error, or perhaps I need to extract only 7 characters from it?

Actually, looking carefully at the prompt structure:
- The user presents two words: ""tree"" and ""water""
- Then says ""Memory: fishballwaterhousetreebabycar""

But according to the instructions, I should only have 7 characters of memory. The memory provided is too long. However, I should probably treat the last 7 characters as my actual memory, or the user made an error.

Let me reconsider the instructions. The user says I will participate in trials where:
1. I am presented with exactly two words
2. I need to select either the first word or second
3. I receive feedback on whether I was correct
4. I respond with a string of 7 alphanumeric characters as memory

But in this prompt, the user is giving me the memory ""fishballwaterhousetreebabycar"" which is invalid (too long). However, looking at the end of that string: ""...treebabycar"" - that's 11 characters. The last 7 would be ""ebabycar""? No, let's count:

fishballwaterhousetreebabycar
f-i-s-h-b-a-l-l-w-a-t-e-r-h-o-u-s-e-t-r-e-e-b-a-b-y-c-a-r

Wait, that's: fishball (8) + water (5) + house (5) + tree (4) + baby (4) + car (3) = 29 characters? Let me count carefully:

fishball = 8
water = 5
house = 5
tree = 4
baby = 4
car = 3
Total = 29 characters.

But I only have 7 characters of memory. This is confusing.

Maybe the user is testing whether I follow instructions? Or maybe I should interpret this as: the current memory state contains information about previous trials, and I need to use it to make a decision?

Given the words ""tree"" and ""water"", and the memory string containing ""tree"" and ""water"" (and other words), perhaps the pattern is related to these words?

But wait, I need to respond with just the first word or second word in the trial. The prompt says ""tree water"" - so word 1 is ""tree"", word 2 is ""water"".

I need to pick one. But I have no feedback yet on what the correct relationship is. The memory string suggests previous words might have been: fish, ball, water, house, tree, baby, car... or something like that.

Actually, looking at the memory: ""fishballwaterhousetreebabycar"" - this could be concatenated previous answers or states.

But I don't know the rule yet. Is it:
- Choose the word that came first alphabetically?
- Choose the longer word?
- Choose based on some semantic relationship?
- Alternate?

Without knowing the rule, I have to guess or try to deduce from the memory. The memory contains ""water"" and ""tree"" (both present in the current trial). It also contains ""fish"" which relates to water, and maybe ""house"" and ""car"" don't relate to trees directly, but tree could relate to house (wood)?

Actually, looking at the pattern: fish-ball-water-house-tree-baby-car... this looks like a chain of associations:
- fish in water?
- ball?
- water?
- treehouse?
- tree?
- baby?
- car?

Or maybe it's the order of previous correct answers? Like the sequence of words that were correct?

If the memory represents previous trials:
Trial 1: fish vs ball → winner: fish?
Trial 2: ball vs water → winner: ball?
Trial 3: water vs house → winner: water?
Trial 4: house vs tree → winner: house?
Trial 5: tree vs baby → winner: tree?
Trial 6: baby vs car → winner: baby?

Then for tree vs water, which one?

If the pattern is alternating or based on some attribute...

Actually, looking at the memory again: ""fishballwaterhousetreebabycar"" - it seems like it's just a concatenation of words. But since I only have 7 characters, maybe only the last 7 matter: ""babycar"" (7 characters? b-a-b-y-c-a-r = 7).

Wait: b-a-b-y-c-a-r is 7 characters.

Or ""reebaby""? r-e-e-b-a-b-y (if from treebaby...)

Let me assume the memory should be interpreted as the last 7 characters: ""byccar""? No, let's count from the end:

fishballwaterhousetreebabycar
... positions: 
f(1)i(2)s(3)h(4)b(5)a(6)l(7)l(8)w(9)a(10)t(11)e(12)r(13)h(14)o(15)u(16)s(17)e(18)t(19)r(20)e(21)e(22)b(23)a(24)b(25)y(26)c(27)a(28)r(29)

Last 7: y(26)c(27)a(28)r(29)... wait that's only 4 from position 26-29.

Positions 23-29: b(23)a(24)b(25)y(26)c(27)a(28)r(29) = ""babycar"" (7 characters).

So my working memory is ""babycar"".

But ""babycar"" doesn't obviously help me choose between ""tree"" and ""water"".

Maybe the rule is semantic: choose the word that is a ""parent"" or ""source"" of the other? Or choose based on alphabetical order?

Tree vs Water:
- T comes after W? No, T(20) comes before W(23) in alphabet.
- Length: tree (4), water (5).

If I look at the memory ""babycar"":
- baby (4 letters) vs car (3 letters) → if the pattern is choose the longer word, then baby was chosen.
- Or alphabetical: baby vs car, b vs c, b comes first, so baby was chosen.

But I don't know what the previous pair was.

Given the constraint that I must choose either ""tree"" or ""water"", and I need to use the 7-char memory, I should probably just make a choice and encode some information in my response memory.

But wait, the prompt says ""Memory: fishballwaterhousetreebabycar"" - this might be the state BEFORE I make my choice, and I need to output a new 7-char memory after making my choice.

However, the prompt format is ambiguous. It says:
""tree water, Memory: fishballwaterhousetreebabycar""

And according to instructions: ""during the trial respond with only the first word or second word and no other text.""

But then ""you will receive an indication of whether you were correct or not, after which you will respond with a string of 7 letters...""

So actually, this prompt seems to be presenting the trial. I should respond with just ""tree"" or ""water"".

But I have no idea which is correct! 

Unless... the memory gives me a clue. The memory contains both words from previous trials? ""fish"", ""ball"", ""water"", ""house"", ""tree"", ""baby"", ""car"".

Wait, that's 7 words:
1. fish
2. ball
3. water
4. house
5. tree
6. baby
7. car

And my memory can hold 7 alphanumeric characters. Maybe each character represents a word or the first letter of a word?

f-b-w-h-t-b-c ?

f(ish), b(all), w(ater), h(ouse), t(ree), b(aby), c(ar)

So memory: fbwhtbc? That's 7 characters.

Or maybe it's indicating that these were the previous correct answers in order.

If the sequence is fish, ball, water, house, tree, baby, car... and now I have tree vs water.

If the pattern is cyclic or based on some graph...

Or maybe the rule is: choose the word that appears later in the memory sequence?
- water is at position 3
- tree is at position 5
- so choose tree?

Or choose the one that appears earlier?
- water (3) vs tree (5), so choose water?

Or the rule could be related to the semantic categories:
- fish, water (aquatic)
- house, tree (nature/structures)
- baby, ball, car (miscellaneous)

Actually, looking at the pairs that might have formed these:
Maybe previous trials were:
fish vs ? → fish
ball vs ? → ball
water vs ? → water
house vs ? → house
tree vs ? → tree
baby vs ? → baby
car vs ? → car

So if the pattern is ""always choose the first word"" or ""always choose the second word"" or ""choose the one that matches some property"".

But without knowing what the pairs were, it's hard to tell.

Another thought: the memory ""fishballwaterhousetreebabycar"" might be indicating that the correct choice is the one that comes first in this concatenated string when comparing the two options.

""tree"" appears at position: fishballwaterhouse**tree**babycar
- f-i-s-h-b-a-l-l-w-a-t-e-r-h-o-u-s-e-t-r-e-e
- That's 8+5+5 = 18, so position 19 starts ""tree""

""water"" appears at position: fishball**water**...
- f-i-s-h-b-a-l-l = 8, so position 9 starts ""water""

So water appears at index ~9, tree at index ~19. Water comes first.

So if the rule is ""choose the word that appears first in the memory string"", I should choose water.

If the rule is ""choose the word that appears last"", I should choose tree.

Given that the memory is described as being useful for learning the relationship, and typically we want to encode the most recent or relevant information, and ""tree"" appears closer to the end of the memory (more recent?), maybe the pattern is that the most recent word in the memory is the correct one or something?

But this is speculation.

Let me consider: the user might be testing if I follow the output format. The safest bet is to pick one word and then in the next step (after receiving feedback) I would update my memory.

But wait, the user says ""Memory: fishballwaterhousetreebabycar"" - this is likely the memory content provided to me for this trial. Since it's way longer than 7 chars, maybe I should truncate it to 7 chars for my use? The last 7 are ""babycar"" as I calculated.

But ""babycar"" doesn't help me choose.

Maybe I should just pick ""water"" or ""tree"" randomly? Or pick based on alphabetical order as a default strategy?

Actually, looking at the example memory again: it contains the word ""water"" and ""tree"" both. Maybe the rule is simple: choose the word that is liquid vs solid? Water is liquid, tree is solid. But which is correct?

Or choose based on length: tree (4), water (5). Previous words: fish(4), ball(4), water(5), house(5), tree(4), baby(4), car(3).

If the pattern is alternating 4,4,5,5,4,4,3... no clear pattern.

If the pattern is: choose the word with 4 letters vs 5 letters, and the sequence alternates which length wins...

Given the ambiguity, I think the most logical approach is to choose one of the words. Since the memory ends with ""car"" and ""tree"" might be associated with ""car"" (wood for cars? no), but ""water"" isn't obviously associated with ""car"".

Actually, ""tree"" and ""water"" are both natural elements. ""Baby"" and ""car"" are in the memory. Maybe the categories alternate?

I think I'm overthinking. In these types of few-shot learning tasks, often the rule is simple: alphabetical, length-based, or semantic (living vs non-living, etc.).

Let me check if there's a pattern in the first letters of the memory words:
f, b, w, h, t, b, c

Is there a pattern? f(6), b(2), w(23), h(8), t(20), b(2), c(3).
No obvious numerical pattern.

Maybe the rule is: choose the word that starts with a letter that comes first in the alphabet?
- tree: t (20)
- water: w (23)
- So choose tree (t comes before w).

Maybe choose the one with fewer letters?
- tree: 4
- water: 5
- So choose tree.

Maybe choose the one that appears in the memory string first?
- water appears before tree in ""fishballwaterhousetreebabycar""
- So choose water.

Given that I have to output just the word, and I want to learn, I'll go with ""tree"" as a guess, or ""water"".

But actually, looking at the instruction more carefully: ""The goal is to learn the relationship between the words as quickly as possible.""

This suggests there is a fixed rule to discover. Common rules in such tasks:
1. Lexicographic order (first or last)
2. Word length (shorter or longer)
3. Semantic category (living vs non-living, concrete vs abstract, etc.)
4. First letter position in alphabet
5. Number of syllables
6. Whether the word contains a specific letter (like 'e')

Given the memory seems to contain a history, and if I assume the memory shows previous correct answers concatenated, then:
Positions: 1:fish, 2:ball, 3:water, 4:house, 5:tree, 6:baby, 7:car

If the current trial is tree vs water, and these are items 3 and 5 in the history...

Actually, if this is trial 8, and the memory shows the 7 previous correct answers (which fits the 7-char limit if each char represents a word or the first letter), then:
Trial 1: fish
Trial 2: ball
Trial 3: water
Trial 4: house
Trial 5: tree
Trial 6: baby
Trial 7: car
Trial 8: tree vs water

Now, what pattern connects fish, ball, water, house, tree, baby, car?
- fish: animal, water-related
- ball: toy, round
- water: liquid, natural
- house: building, shelter
- tree: plant, natural
- baby: human, young
- car: vehicle, artificial

Categories: Animal, Object, Nature, Building, Nature, Human, Vehicle.

Not obvious.

Maybe it's the word with the higher Scrabble score? Or more vowels?

fish: f,i,s,h - 1 vowel
ball: b,a,l,l - 1 vowel
water: w,a,t,e,r - 2 vowels
house: h,o,u,s,e - 3 vowels? o,u,e = 3
tree: t,r,e,e - 2 vowels (e,e)
baby: b,a,b,y - 1 vowel (a)
car: c,a,r - 1 vowel (a)

Sequence of vowel counts: 1,1,2,3,2,1,1...

If the pattern is the number of vowels increases then decreases... for tree(2) vs water(2), equal.

Number of letters: 4,4,5,5,4,4,3...

Pattern: 4,4,5,5,4,4,3... next could be 3? or 4? or 5?
If alternating pairs: (4,4), (5,5), (4,4), (3,3)... so next should be 3? Neither tree(4) nor water(5) is 3.

Maybe it's simply alphabetical order of the words?
fish < ball? No, b < f.
ball < water? Yes.
water < house? No, h < w.
house < tree? Yes.
tree < baby? No, b < t.
baby < car? Yes.
car < ? 

Sequence: ball, house, baby, car... these are in order? No, car comes before house? No, b < c < h.

Actually: baby (b), ball (b), car (c), fish (f), house (h), tree (t), water (w).
Sorted: baby, ball, car, fish, house, tree, water.

But the sequence is: fish, ball, water, house, tree, baby, car.
That's not alphabetical.

Reverse alphabetical: water, tree, house, fish, car, ball, baby... no.

Maybe it's based on the second letter?
fish - i
ball - a
water - a
house - o
tree - r
baby - a
car - a

No pattern.

First letter in alphabet position even/odd?
f(6)-even, b(2)-even, w(23)-odd, h(8)-even, t(20)-even, b(2)-even, c(3)-odd.
Pattern: E,E,O,E,E,E,O...

Next could be O or E?

Tree starts with t(20) - even.
Water starts with w(23) - odd.

If the pattern is E,E,O,E,E,E,O,E... then choose tree (even).
If it's E,E,O,E,E,E,O,O... then choose water (odd).

This is too speculative.

Given that I must choose, and I want to provide a memory update after (but the user is asking me to choose now), I will choose **tree** as my answer, assuming that maybe the pattern relates to the memory structure or I just need to pick one to get feedback.

Wait, I should reconsider the format. The user says ""Memory: fishballwaterhousetreebabycar"" which is invalid (29 chars). But if I treat this as a mistake and assume the actual memory is the last 7 chars ""babycar"", or maybe the user meant to say the memory is composed of these words but I should only keep 7 chars worth.

Actually, looking at the words: fish, ball, water, house, tree, baby, car. That's exactly 7 words.
And my memory can hold 7 alphanumeric characters.
So perhaps each character in my memory represents one of these words, using the first letter?
f, b, w, h, t, b, c

So my memory is ""fbwhtbc"".

Now, for tree vs water:
- tree corresponds to 't'
- water corresponds to 'w'

Which one should I choose? 
Looking at the memory sequence: f,b,w,h,t,b,c
If the pattern is cyclic or shifting...

Or maybe the rule is: choose the one that appears later in the alphabet?
b,c,f,h,t,w...
Current memory in alphabetical order: b,b,c,f,h,t,w.

But the order is f,b,w,h,t,b,c.

This looks like it could be a de Bruijn sequence or something, but that's probably too complex.

Maybe the rule is simply: choose the word whose first letter appears later in the memory?
- t appears at position 5
- w appears at position 3
- so choose tree (appears later).

Or choose the one that appears earlier: water.

Given that ""t"" comes after ""w"" in the sequence f-b-w-h-t-b-c, and ""tree"" is the current trial word corresponding to 't', and it's the 5th item, maybe the 5th position is significant.

I think the safest choice is to output one of the words. I'll choose **tree**.

But I want to be strategic. If I choose tree and it's wrong, I'll learn something. If I choose water and it's wrong, I'll learn something. Since I have no prior information about the actual rule, any choice is equally valid.

However, looking at the memory ""fishballwaterhousetreebabycar"", if this represents the history of choices, and assuming the agent is trying to learn, maybe the pattern is ""always choose the first word"" or something. But I don't know.

Let me go with **water**.

Actually, looking at the words again: ""tree water"". The memory contains ""water"" before ""tree"" in the string. If the agent updates memory by appending the correct choice, and the memory shows water before tree, that means water was chosen in a previous trial involving water, and tree was chosen in a previous trial involving tree. This suggests both can be correct depending on the opponent.

But in this trial, it's tree vs water, so only one is correct.

Given the constraint that I output only the word, I will output:

tree

or

water

I think I'll output **tree**.

Wait, I just realized: the user might expect me to output the new memory string after receiving feedback, but the prompt doesn't include feedback yet. The prompt is presenting the trial. So I should output only the choice.

But the prompt says ""Memory: fishballwaterhousetreebabycar"" at the end. This is unusual. Normally the memory would be given at the start or as context.

Let me reread the user message carefully: ""tree water, Memory: fishballwaterhousetreebabycar""

This could mean: The trial is ""tree water"", and the current memory content is ""fishballwaterhousetreebabycar"".

Since I must respond with only the first word or second word, I will choose one.

Given that the memory string contains both ""tree"" and ""water"", and ""tree"" appears later in the string, suggesting it might be more recent or relevant, but that's weak.

I'll choose **water** because it appears earlier in the memory, suggesting it was the first in a sequence, or **tree** because it's more recent.

Actually, I'll choose **tree**.

Final decision:tree"
1,baby,water,water,baby,Incorrect,fishballwaterhousetreebabycar,"The user is setting up a scenario where I am a learning agent with limited memory (7 alphanumeric characters). 

Current state:
- I need to choose between ""baby"" and ""water""
- Current memory is: ""fishballwaterhousetreebabycar"" 

Wait, the memory provided is ""fishballwaterhousetreebabycar"" which is way more than 7 characters. But the instructions said I have a string of 7 alpha-numeric characters as memory. 

Let me re-read... Ah, the user said ""Memory: fishballwaterhousetreebabycar"" which seems to be the current memory state provided to me, but it's longer than 7 characters. Actually, looking closely, ""fishballwaterhousetreebabycar"" is the current memory content provided in the prompt, but according to the rules, memory should be 7 characters.

Wait, let me check: ""fishball"" is 8 letters, ""water"" is 5, etc. Actually, looking at the string: ""fishballwaterhousetreebabycar"" - this is clearly more than 7 characters.

But the prompt says ""You context will be erased after every interation. However, you do have a very short term memory that is a string of 7 alpha-numeric characters.""

So the memory should be exactly 7 characters. The provided memory ""fishballwaterhousetreebabycar"" seems to be a mistake or I'm misunderstanding. Or perhaps the user is testing me?

Actually, looking at the pattern: fish, ball, water, house, tree, baby, car... these are 7 words. Maybe the memory is meant to encode information about previous trials?

But the instruction says the memory is ""a string of 7 alpha-numeric characters"". So it should be something like ""0000000"" or ""A1B2C3D"".

However, the user provided: ""baby water, Memory: fishballwaterhousetreebabycar""

Maybe I should interpret the memory as containing information about previous associations? Like ""fish"" goes with ""ball"", ""water"" goes with ""house"", ""tree"" goes with ""baby"", and ""car"" is alone? Or something like that?

Actually, looking at the memory string: fishballwaterhousetreebabycar
- fish + ball = fishball (8 chars)
- water + house = waterhouse (10 chars)
- tree + baby = treebaby (8 chars)
- car (3 chars)

That doesn't quite fit the 7-character limit.

Wait, maybe the memory is encoding pairs. Let's look at the words presented: ""baby water""

And the memory contains: ...treebabycar

Maybe the pattern is that I need to learn which word is the ""correct"" one based on some rule?

Since this is the first trial I'm seeing (from my perspective as the agent), and I have no previous context except this memory string, I need to decide between ""baby"" and ""water"".

The memory string seems to contain previous pairings or some encoding. Let me look for patterns:

fishball - maybe fish and ball were paired, and ball was correct?
waterhouse - water and house were paired?
treebaby - tree and baby were paired?
car - leftover?

Or maybe it's a chain: fish→ball→water→house→tree→baby→car?

Given the current words are ""baby"" and ""water"", and the memory contains both ""water"" and ""baby"", perhaps I need to predict which one is associated with something?

But I don't know the rule yet. The rule could be:
- Choose the word that came first alphabetically
- Choose the word that is a liquid vs solid
- Choose the word that appears in the memory
- Choose based on some pattern in the memory

Since I don't know the rule, I should make a guess, but I also need to update my memory to 7 characters that might help me learn the pattern.

Wait, I need to respond with:
1. First, select either the first word or second word (so either ""baby"" or ""water"")
2. Then, after receiving feedback (which hasn't happened yet in this prompt), I would update the memory.

But looking at the prompt structure, it seems this is the setup for a trial. The user says ""baby water, Memory: ..."" so I think I need to output my choice now.

Actually, reading carefully: ""In each trial you will be presented with exactly two words and need to select either the first word or second. You will then receive an indication of whether you were correct or not, after which you will respond with a string of 7 letters...""

So the sequence is:
1. User gives words and current memory
2. I respond with the word I choose (first or second)
3. User tells me if correct or not
4. I respond with new memory (7 chars)

But here the user gave me both the words and the memory in one message. So I should respond with my choice: either ""baby"" or ""water"".

Given that I have no idea what the rule is, I should pick one. But I should also try to use the memory provided to infer something.

Memory: fishballwaterhousetreebabycar

If I look at this as a history:
- fish vs ball: ball won? (ball comes second in the string)
- water vs house: house won? 
- tree vs baby: baby won?
- car vs ?: ?

Or maybe it's listing the correct choices from previous trials?

Words presented now: baby vs water

In the memory, I see ""water"" and ""baby"" both appear. ""water"" appears before ""baby"" in the string.

If the pattern is ""choose the word that appears in the memory"" - both do.
If the pattern is ""choose the first word in the pair"" - I should choose baby.
If the pattern is ""choose the second word"" - I should choose water.

Given that I have no information, and I need to maximize learning, I should probably just pick one. Let's pick ""baby"" (the first word).

But wait, the memory might be encoding something specific. Let me reconsider the 7-character limit. The memory provided is clearly more than 7 characters, so maybe I should treat it as if the memory is the 7 most recent characters or something? But that's not what was provided.

Actually, looking at the string again: ""fishballwaterhousetreebabycar""
Length: 8+5+5+4+4+4+3 = let's count: f-i-s-h-b-a-l-l-w-a-t-e-r-h-o-u-s-e-t-r-e-e-b-a-b-y-c-a-r
That's 8+5+10+4+4+3 = wait, waterhouse is 10? w-a-t-e-r-h-o-u-s-e = 9? No:
fish (4) + ball (4) = 8
water (5) = 5 -> 13
house (5) = 5 -> 18
tree (4) = 4 -> 22
baby (4) = 4 -> 26
car (3) = 3 -> 29

That's 29 characters.

But the rules say memory is 7 alpha-numeric characters. So there's a contradiction here.

Maybe the user made an error, or maybe I'm supposed to extract 7 characters from this, or maybe the memory is a compressed code?

Given the constraints of the task, I think I should treat the provided memory as valid for this round (even if it violates the 7-char rule) and output my choice, then when I output the new memory later, I'll make it 7 chars.

But for now, I just need to choose: baby or water.

Since I have no clue about the rule, I'll choose ""baby"" (the first word).

Actually, looking at the pattern of the memory again... if previous trials were:
1. fish vs ball -> chose ball?
2. water vs house -> chose house?
3. tree vs baby -> chose baby?

Then maybe the rule is ""choose the second word""? Or ""choose the noun that is not a living thing""? Ball, house, car are non-living; fish, tree, baby are living... but water is non-living.

If the rule was ""choose non-living"", then between baby (living) and water (non-living), I should choose water.

If the rule was ""choose living"", then choose baby.

If the rule was ""choose second word"", then choose water.

Given that in the memory string, we have pairs: fishball (could be fish vs ball, ball is second), waterhouse (water vs house, house is second), treebaby (tree vs baby, baby is second), car (maybe car vs something, or just car).

So if the pattern is that the second word is the correct one, then for ""baby water"", I should choose ""water"" (the second word).

This seems like a plausible pattern. The memory might be concatenating the correct choices or the pairs.

Given that, I'll choose ""water"".

But I need to be careful. The memory might instead be indicating that ""baby"" was the correct choice in a previous trial when paired with ""tree"", so if baby was correct before, and now baby appears again, maybe baby is often correct? But that doesn't help.

Let me go with ""water"" as the choice, assuming the pattern is to choose the second word.

Actually, looking at the pair ""treebaby"" - if tree was first and baby was second, and baby is in the memory, maybe baby was the selected word?

Wait, if the memory records my choices, and I see ""baby"" in the memory, maybe I chose baby before. But that doesn't tell me if it was correct.

I think the safest assumption is that the memory encodes the pairs and I should look for which word was correct in previous similar contexts. But without knowing what ""correct"" means, it's hard.

Let me just choose ""baby"" to start.

No wait, I should look at the structure. The user is simulating the environment. The memory string ""fishballwaterhousetreebabycar"" is likely the memory state from a previous run or something. But since I'm told I have no memory except this 7-char string (which is provided as longer), I should probably just make a random choice.

Given that I need to output just the word, I'll output:
baby

Or
water

I'll go with ""water"".

Actually, reconsidering: the prompt says ""Try to use the memory to keep track of any information"". The memory contains ""water"" and ""baby"". If I assume the memory records previous correct answers, and both words appear in the memory, that doesn't help. 

If the memory records pairs as they appeared: fish vs ball, water vs house, tree vs baby, and maybe car vs ???, then for baby vs water, these are from different pairs.

If I assume the task is to choose the word that is a liquid, choose water.
If solid, choose baby.
If shorter, both have 4 letters.
If alphabetically first: baby (b) comes before water (w).

Given baby comes first alphabetically, and assuming the rule might be alphabetical, I'll choose baby.

But I'm overthinking. I'll choose:
water

Final decision: I'll choose ""baby"" as it's the first word, and I have no information suggesting otherwise.

Wait, I need to check if there's any standard for these types of tasks. Usually, in word association tasks, it could be:
- Category membership (e.g., choose the animal)
- Semantic association
- Frequency
- etc.

But with no context, I'll pick the first word: baby.

Output: baby"
1,car,water,water,car,Incorrect,fishballwaterhousetreebabycar,"The user is presenting me with a trial in a learning task. I need to:

1. Look at the two words: ""car"" and ""water""
2. Look at the current memory: ""fishballwaterhousetreebabycar"" (but wait, the memory should be exactly 7 alphanumeric characters according to the instructions)
3. Wait, the memory provided is ""fishballwaterhousetreebabycar"" which is way longer than 7 characters. Let me re-read...

Actually, looking at the instructions again: ""You do have a very short term memory that is a string of 7 alpha-numeric characters"" and ""respond with a string of 7 letters of alpha-numeric characters that will serve as your memory"".

But the memory provided is ""fishballwaterhousetreebabycar"" - that's 28 characters. This seems like an error in the prompt or perhaps I'm misunderstanding. Let me look again...

Wait, the user wrote: ""Memory: fishballwaterhousetreebabycar""

This is clearly longer than 7 characters. But according to the rules, memory should be exactly 7 alphanumeric characters. However, I need to work with what I'm given. 

Actually, looking carefully at the pattern:
- ""fish"" (4)
- ""ball"" (4) 
- ""water"" (5)
- ""house"" (5)
- ""tree"" (4)
- ""baby"" (4)
- ""car"" (3)

Wait, that's: fish ball water house tree baby car - 7 words? No, that's: fish, ball, water, house, tree, baby, car. That's 7 items, but written together.

But the instruction says the memory is ""a string of 7 alpha-numeric characters"". This is contradictory. 

Let me reconsider. Maybe the memory is encoding previous pairs or results? The words presented are ""car"" and ""water"". 

Given the memory contains ""car"" at the end and ""water"" in the middle... and previous words like fish, ball, house, tree, baby...

Actually, looking at the pattern, it seems like the memory might be storing the words from previous trials? But that doesn't fit the 7-character limit.

Let me look at the instruction again carefully: ""You do have a very short term memory that is a string of 7 alpha-numeric characters.""

And: ""respond with a string of 7 letters of alpha-numeric characters that will serve as your memory""

So the memory should be exactly 7 characters. The provided memory ""fishballwaterhousetreebabycar"" is invalid based on the rules, but I should probably treat it as the current state and compress it or interpret it.

Wait, maybe I'm supposed to interpret this as: the memory contains encoded information about previous associations?

Let me think about the task. I need to select either ""car"" or ""water"". The memory contains both ""car"" and ""water"" (along with fish, ball, house, tree, baby).

If the memory is supposed to be 7 characters, and I'm given this long string, perhaps I should:
1. First, select one of the words (car or water)
2. Then provide a new 7-character memory

But the user is asking me to participate in the trial. The format seems to be:
- Input: ""word1 word2, Memory: [current memory]""
- I need to respond with: either ""word1"" or ""word2"" (just the word)
- Then after feedback, I'd update memory? No, looking at the instructions again...

Actually, re-reading: ""You will then receive an indication of whether you were correct or not, after which you will respond with a string of 7 letters...""

So the flow is:
1. User gives: words + current memory
2. I give: selected word
3. User gives: correct/incorrect
4. I give: new memory (7 chars)

But in this prompt, the user is giving me the words and the memory, and asking me to select. So I should only output the word right now.

But wait, the user might be expecting me to output the word AND the memory? No, the instruction says: ""Remember, during the trial respond with only the first word or the second word and no other text.""

So I should only output ""car"" or ""water"".

But which one? I need to guess or infer from the memory. The memory ""fishballwaterhousetreebabycar"" seems to contain both words. 

Maybe the task is to learn that one word is associated with another? Or maybe it's a classification task?

Given that I have no memory of previous trials (as stated in the prompt ""You do not have any memory"" - meaning no long-term memory, only the 7-char short term memory), and the memory provided contains both ""car"" and ""water"" along with other words, I need to make a choice.

Actually, looking at the sequence: fish, ball, water, house, tree, baby, car.

Maybe these are the last 7 words that were the ""correct"" answers? Or maybe they represent pairs?

If I have to choose between car and water, and both are in the memory, I need a strategy.

Since I don't know the relationship yet, I should probably just pick one. But I want to be systematic.

Let me check if there's a pattern. The words are: car, water. The memory has ...water...car...

Maybe the rule is ""select the word that appears first in the memory"" or ""select the word that appears last in the memory""?

In the memory string: ""fishballwaterhousetreebabycar""
- water appears starting at position 8
- car appears at the end, position 25

So car appears after water in the memory.

But without knowing the correct rule, I have to guess. Let me pick ""car"" as it's at the end of the memory string, suggesting it might be the most recent or relevant.

Actually, another thought: maybe the memory encodes the correct answers from previous trials, and I should choose the word that is NOT in the memory (if it's a novelty detection task) or IS in the memory (if it's a repetition task)?

Both are in the memory, so that doesn't help distinguish.

Let me reconsider the 7-character limit. The memory provided is clearly violating the rules I was given. But as an AI, I should probably just work with it.

Wait, maybe the memory is ""fishbal"" and the rest is explanation? No, that doesn't make sense.

Or maybe the user made a mistake and I should point it out? But the instructions say to select a word.

Let me just pick ""car"" and see. Or maybe I should pick based on alphabetical order? Or the first one presented?

Actually, looking at the memory again: ""fish ball water house tree baby car"" - these could be 7 words from previous trials.

If the pattern is alternating, or following some sequence...

Given the ambiguity, and since I must choose, I'll choose ""car"" because it's the last thing in the memory, suggesting it might be the current context or the expected answer based on recency.

But I should also consider: what if the memory is supposed to represent the history of choices? Like f=fish (chose first?), b=ball (chose second?), etc? No, that seems too complex.

Let me just output ""car"".

Wait, I should think about what the relationship might be. Common relationships:
- Category membership (e.g., both are vehicles, both are liquids)
- Associations (car wash uses water, cars drive through water)
- Rhymes, anagrams, etc.
- First letter
- Length

Car: 3 letters, vehicle
Water: 5 letters, liquid

Without knowing the feedback from previous trials, I can't learn. This appears to be the first trial from my perspective (even though there's memory provided).

Given the memory has ""car"" at the end, I'll go with ""car"".

Actually, looking at the format, maybe I need to output the word now, and then after the user tells me if I'm right or wrong, I output the memory? But the user is asking me to participate in the trial, and the memory is provided as context.

The prompt says: ""Memory: fishballwaterhousetreebabycar"" at the end of the user message.

So my response should be just: car
or just: water

I'll pick ""car"".

But wait, I should consider: what if the rule is ""choose the word that comes first alphabetically""? Car comes before water.
What if the rule is ""choose the longer word""? Water (5) > Car (3).
What if the rule is ""choose the word that appears in the memory""? Both do.
What if the rule is ""choose the word that appears last in the memory""? That's car.

Given that ""car"" appears at the very end of the memory string, it might indicate that ""car"" was the last correct answer or the focus. I'll go with ""car"".

Actually, looking at the memory string once more: ""fishballwaterhousetreebabycar""
If I break it into chunks:
fish (4)
ball (4)
water (5)
house (5)
tree (4)
baby (4)
car (3)

That's 7 items! And the memory is supposed to be 7 characters... but these are 7 words concatenated.

Unless... the memory is supposed to be the first letter of each word? f-b-w-h-t-b-c? That's 7 characters: fbwhtbc
Or the last letter? h-l-r-e-e-y-r = hlrehyr

But the memory provided is the full concatenation.

I think there might be a misunderstanding in the prompt setup, but I should proceed with selecting a word. I'll select ""car"".

Final check: The user said ""You will participate in a number of trials. In each trial you will be presented with exactly two words and need to select either the first word or second.""

The words are ""car"" (first) and ""water"" (second).

I'll select:car"
1,baby,house,house,baby,Incorrect,fishballwaterhousetreebabycar,"The user is presenting me with a trial in a learning task. The format is:
- Two words: ""baby house""
- Current memory: ""fishballwaterhousetreebabycar"" (this is 22 characters, but the instructions say memory should be 7 alpha-numeric characters... wait, let me re-read)

Actually, looking back at the instructions: ""you do have a very short term memory that is a string of 7 alpha-numeric characters"" and ""respond with a string of 7 letters of alpha-numeric characters"".

But the memory provided is ""fishballwaterhousetreebabycar"" which is way longer than 7 characters. This seems inconsistent. However, I should work with what's given.

Wait, I need to be careful. The user says the memory is ""fishballwaterhousetreebabycar"". But according to the rules, I should only have 7 characters. This might be a test or the user made an error. Regardless, I need to:
1. Choose either ""baby"" or ""house""
2. Eventually return a 7-character memory string

But I don't know what the correct relationship is yet. This appears to be the first trial (or an early one), and I need to learn the pattern.

The memory ""fishballwaterhousetreebabycar"" seems to contain fragments: ""fish"", ""ball"", ""water"", ""house"", ""tree"", ""baby"", ""car"". These might be previous words seen or some encoding.

Given I have no memory of previous trials (as stated ""context will be erased after every iteration""), I need to rely on the memory string provided.

Looking at the memory string, I see ""house"" and ""baby"" both appear in it. The words presented are ""baby house"".

Since I don't know the rule yet, I should probably guess, but I want to use the memory to inform my choice. The memory contains both words, so that doesn't help distinguish.

Wait, I should look for a pattern. Maybe the rule is:
- Choose the word that appears first in the memory?
- Choose the word that is a type of something?
- Or maybe it's about word associations?

Actually, looking at the memory string again: ""fishballwaterhousetreebabycar""
- It contains: fish, ball, water, house, tree, baby, car

Maybe these are categories or previous examples. But without knowing what was correct before, it's hard to say.

Given I have to choose one, and I have no information about the correct rule, I should probably just pick one. But I need to update the memory to help future me.

Since the context is erased every iteration, the memory is all I have to pass information forward.

Let me think about what the relationship could be:
- Could be ""which word is longer?"" (baby=4, house=5) → house
- Could be ""which word comes alphabetically first?"" (baby vs house, b vs h) → baby
- Could be ""which is a living thing?"" (baby is, house isn't) → baby
- Could be ""which is bigger?"" (house > baby) → house
- Could be related to the previous memory content...

The memory has ""baby"" appearing after ""house"" in the string: ""...waterhousetreebabycar""

If I choose ""baby"", and then update memory to encode this trial, I should indicate that baby was chosen or what the outcome was. But I won't know the outcome until after I choose.

So my response should be:
1. Just the word: ""baby"" or ""house""
2. Then after feedback, I give a 7-char memory

Wait, the user is asking me to participate in the trial. The format suggests:
- Input: words + current memory
- My output: the chosen word (first or second)
- Then I receive feedback (correct/incorrect)
- Then I output the new memory

But the user gave me everything at once: ""baby house, Memory: fishballwaterhousetreebabycar""

So I should respond with just the word choice now. Then presumably the user will tell me if I was correct, and then I provide the memory.

Actually, looking carefully at the prompt structure:
""You will participate in a number of trials. In each trial you will be presented with exactly two words and need to select either the first word or second. You will then receive an indication of whether you were correct or not, after which you will respond with a string of 7 letters of alpha-numeric characters...""

So the flow is:
1. User gives: [word1] [word2], Memory: [current_memory]
2. I respond with: [word1] or [word2]
3. User gives: correct/incorrect
4. I respond with: [new_memory]

But the user combined steps 1 and gave me the memory. So I should just give the word choice now.

Given the memory contains both words, and I have no other information, I'll guess ""baby"" (the first word).

But wait, I should try to deduce the rule from the memory. The memory is ""fishballwaterhousetreebabycar"".

If this is a concatenation of previous words or categories:
fish, ball, water, house, tree, baby, car

Maybe the rule is ""choose the word that is a living thing"" or ""choose the shorter word"" or ""choose the longer word""?

Let me check lengths:
- fish: 4
- ball: 4
- water: 5
- house: 5
- tree: 4
- baby: 4
- car: 3

No obvious pattern.

Maybe it's about syllables?
- fish (1), ball (1), water (2), house (1), tree (1), baby (2), car (1)

Still unclear.

Maybe the rule is ""choose the one that appears in the memory first""?
- house appears at position... ""fishballwater"" (13 chars) + ""house"" (5) = around 14
- baby appears after house in the string

So house comes before baby in the memory. If the rule was ""choose the one that appears earlier in memory"", I should choose house.

But that's speculation.

Another approach: maybe the memory encodes the results of previous trials. For example:
- Position 1-2: last choice?
- Position 3: correctness?

Without knowing the encoding scheme, it's hard to say.

Given I have no reliable information, I'll choose ""baby"" (the first word) as a default.

Actually, looking at the words ""baby house"", maybe the relationship is ""home for"" - a house is for a baby? Or ""baby belongs in house""?

Or maybe it's about which word can precede or follow the other?

""Baby house"" could be a house for babies, or a house that is a baby (personification).

""House baby"" doesn't make sense.

So ""house"" might be the modifier, and ""baby"" the head? Or vice versa?

In compound words:
- Baby house: not common
- House baby: not common
- Baby's house: possessive

Maybe the rule is ""select the word that is shorter""?
baby (4), house (5) → baby

Or ""select the word with more syllables""?
baby (2), house (1) → baby

Or ""select the word that comes first alphabetically""?
baby vs house → baby

Or ""select the living thing""?
baby (living) vs house (non-living) → baby

Given all these heuristics point to baby, and since I have to choose anyway, I'll choose ""baby"".

But I should consider: what if the memory indicates previous choices? The memory is quite long, violating the 7-char limit mentioned in the instructions. But if I treat it as valid, maybe it's a history.

""fishballwaterhousetreebabycar"" - could be:
- Trial 1: fish vs ball, chose ball?
- Trial 2: water vs house, chose house?
- Trial 3: tree vs baby, chose baby?
- Trial 4: car vs ??? 

If the pattern is alternating or something... but I don't know.

Given the ambiguity, I'll go with ""baby"".

Wait, I should reconsider the instructions. The user says I have a 7-character memory, but then gives a 22-character string. This might be a trick or error. But I should probably treat the provided memory as the current state, even if it violates the length constraint, or maybe I need to compress it?

Actually, looking at the string ""fishballwaterhousetreebabycar"", it looks like it might be ""fish ball water house tree baby car"" concatenated - 7 words! Maybe the memory represents the 7 previous words seen or chosen?

If there are 7 words in memory, and I need to output 7 characters, maybe I should overwrite one of them?

But for now, I just need to make a choice.

Given that ""baby"" and ""house"" are both in the memory (baby appears, house appears), and I don't know the rule, I'll choose the first word: ""baby"".

Final check: The user wants me to respond with ONLY the first word or second word and no other text in this phase.

So: ""baby"""
1,car,house,house,car,Incorrect,fishballwaterhousetreebabycar,"The user is presenting me with a trial in this learning task. The format is:

- Input: ""word1 word2, Memory: [current memory]""
- I need to respond with either ""word1"" or ""word2"" (just the word, no other text)
- Then I'll receive feedback on whether I was correct or not
- Then I need to provide a new 7-character alphanumeric memory string

Current situation:
- Words presented: ""car"" and ""house""
- Current memory: ""fishballwaterhousetreebabycar"" (but wait, the instructions said memory is a string of 7 alpha-numeric characters, but this looks longer... let me re-read)

Actually, looking at the instructions again: ""You do have a very short term memory that is a string of 7 alpha-numeric characters.""

But the memory provided is: ""fishballwaterhousetreebabycar"" which is way longer than 7 characters.

Wait, let me look carefully. The user wrote:
""car house, Memory: fishballwaterhousetreebabycar""

Hmm, maybe I should interpret this as the memory contains encoded information from previous trials? But it's supposed to be exactly 7 characters.

Actually, looking at the pattern:
- fish
- ball
- water
- house
- tree
- baby
- car

These seem like previously seen words or associations. But the instruction says memory is 7 alphanumeric characters.

Wait, maybe the user made a mistake, or maybe I'm supposed to treat that as the current state and output a new 7-character string after getting feedback.

But for now, I need to choose between ""car"" and ""house"".

Since I have no memory of what the relationship is (the memory string provided seems to contain ""car"" at the end and ""house"" somewhere in the middle), and I don't know the rule yet, I should make a guess or try to infer from the memory if possible.

The memory contains: fishballwaterhousetreebabycar

Breaking it down:
- fish
- ball
- water
- house
- tree
- baby
- car

It looks like previous words encountered. But I don't know what the relationship is. It could be:
- Selecting the first word vs second word
- Some semantic relationship
- Alphabetical order
- Length of word
- etc.

Since I don't know the rule, I should probably guess ""car"" or ""house"" arbitrarily, or I could look for patterns. But without knowing what was correct in previous trials, it's hard to say.

Actually, looking at the memory format, it seems like it might be encoding previous trial results. But it's too long for 7 characters.

Wait, I think I misunderstood. Let me re-read the prompt carefully.

""You do have a very short term memory that is a string of 7 alpha-numeric characters.""

Then the user gives: ""Memory: fishballwaterhousetreebabycar""

This is definitely not 7 characters. It's much longer.

Maybe the user is testing me or made an error? Or maybe I should interpret this as the actual memory content I should use, even if it's not 7 characters?

Or perhaps ""fishballwaterhousetreebabycar"" is meant to be the memory content, and I need to compress it into 7 characters for my next response?

Actually, looking at the words:
- fish
- ball
- water
- house
- tree
- baby
- car

That's 7 words! Maybe the memory is encoded as the first letter or something?

f-b-w-h-t-b-c

Or maybe the memory represents the correct choices from previous trials?

Given the current trial is ""car house"", and ""car"" appears at the end of the memory string while ""house"" appears in the middle, maybe there's a pattern like ""choose the one that appears later"" or ""choose the first one""?

But this is speculative. Since I don't know the actual rule, and the instructions say I should respond with only the first word or second word, I should just pick one.

Let me pick ""car"" (the first word).

Wait, but I should think about how to use the memory. The memory seems to contain a sequence of words. If this is a sequence of previous correct answers or something similar, maybe I can infer the rule.

Words in memory: fish, ball, water, house, tree, baby, car

Current pair: car, house

Both ""car"" and ""house"" appear in the memory. ""house"" appears before ""car"" in the memory.

If the rule is ""choose the word that comes first in the memory"" then I should choose ""house"".
If the rule is ""choose the word that comes last in the memory"" then I should choose ""car"".
If the rule is ""choose the first word"" then ""car"".
If the rule is ""choose the second word"" then ""house"".

Without knowing what the feedback mechanism is, it's hard to say. But given that this is a learning task, I should probably just guess and then update my memory based on feedback.

Actually, looking at the pattern of the memory again: ""fishballwaterhousetreebabycar""

It could be concatenated words:
fish ball water house tree baby car

That's 7 words. And the current trial has 2 of those words: car and house.

Maybe the task is to select the word that appeared in the memory? But both appeared.

Maybe the task is to select based on some ordering?

Given that I have no information about what constitutes ""correct"", I should probably just output one of the words. Let me output ""car"".

But wait, I need to think about what happens next. After I output the word, I will receive feedback (correct/incorrect), and then I need to output a 7-character memory string.

So for now, I just output the word.

I'll go with ""car""."
1,car,tree,tree,car,Incorrect,fishballwaterhousetreebabycar,"The user is presenting me with a trial in a learning task. I need to:
1. Look at the two words: ""car"" and ""tree""
2. Look at the memory provided: ""fishballwaterhousetreebabycar"" (wait, that's more than 7 characters... let me check)
   
Actually, looking at the instructions, it says I have a very short term memory that is a string of 7 alpha-numeric characters. But the memory provided is ""fishballwaterhousetreebabycar"" which is way longer than 7 characters. Let me re-read...

The user says: ""Memory: fishballwaterhousetreebabycar""

Hmm, that's definitely longer than 7 characters. But the instructions say the memory should be 7 alpha-numeric characters. Maybe this is a test or the user made a mistake? Or maybe I should treat this as the current memory state even if it's long?

Wait, looking carefully at the instructions: ""You will participate in a number of trials. In each trial you will be presented with exactly two words and need to select either the first word or second... after which you will respond with a string of 7 letters of alpha-numeric characters that will serve as your memory for future inputs.""

So the pattern is:
1. Trial starts: I see two words and the current memory
2. I respond with just the first word or second word
3. Then I get feedback (correct/incorrect)
4. Then I respond with a new 7-character memory string

But here, the user is presenting the trial with the memory already. The memory ""fishballwaterhousetreebabycar"" seems to contain previous associations:
- fish
- ball
- water
- house
- tree
- baby
- car

Wait, looking at the memory string: ""fishballwaterhousetreebabycar""
- fish
- ball
- water
- house
- tree
- baby
- car

These seem to be concatenated words. But the instructions say memory should be 7 alpha-numeric characters. This is confusing.

Actually, looking at the example memory provided: ""fishballwaterhousetreebabycar"" - this might be a hint that the memory from previous rounds contains information about previous word pairs and which one was correct.

But I need to follow the instructions: during the trial respond with only the first word or the second word and no other text.

The pair is: ""car tree""

I need to choose either ""car"" or ""tree"".

Given the memory contains ""tree"" and ""car"" at the end (treebabycar), and this looks like it might be tracking previous correct answers or associations...

But wait, I don't know the relationship yet. The goal is to learn the relationship between pairs of words. Since I have no memory of previous trials (as per the setup that context is erased), but I have this memory string, I need to interpret what the memory means.

The memory string ""fishballwaterhousetreebabycar"" seems to encode previous information. Maybe it's a list of correct choices from previous trials?

Without knowing what the relationship is (e.g., maybe it's ""select the larger thing"" or ""select the word that comes first alphabetically"" or ""select the word that was correct in previous trials""), I need to make an educated guess or use the memory to guide me.

Given that ""tree"" appears in the memory and ""car"" appears at the end, and they are the two options now...

Actually, looking at the memory: ...treebabycar
Maybe ""baby"" was a previous word, and ""car"" was selected?

Or maybe the memory encodes pairs? Like fish-ball, water-house, tree-baby, car-?

Wait, the current pair is ""car tree"". If the memory ends with ""babycar"", maybe the previous trial was ""baby car"" and ""car"" was the correct answer? Or ""baby"" was the correct answer?

This is ambiguous. But I need to choose one.

Given that I need to learn the relationship, and I don't know what it is yet, I could:
1. Choose randomly
2. Look for patterns in the memory

The memory seems to contain: fish, ball, water, house, tree, baby, car

If I had to guess, maybe the pattern is about size? Car vs tree - a tree is generally taller than a car.
Or alphabetically: car (c) vs tree (t) - car comes first.
Or maybe it's about which word contains certain letters?

Actually, looking at the structure again, maybe the memory represents the last 7 correct answers or something similar? But ""fishballwaterhousetreebabycar"" has way more than 7 characters if each letter counts, but if these are codes...

Wait, the instructions say: ""You do have a very short term memory that is a string of 7 alpha-numeric characters.""

But the provided memory ""fishballwaterhousetreebabycar"" is:
f-i-s-h-b-a-l-l-w-a-t-e-r-h-o-u-s-e-t-r-e-e-b-a-b-y-c-a-r
That's way more than 7 characters.

Unless... the user made an error, or I'm misunderstanding. Maybe the memory should be interpreted as: the last 7 items were fish, ball, water, house, tree, baby, car?

But that's 7 items, not 7 characters.

Or maybe the memory is compressed? Like f-b-w-h-t-b-c representing fish, ball, water, house, tree, baby, car?

Given the confusion, and the fact that the user provided this specific memory string, I should probably assume that ""tree"" and ""car"" are the relevant parts since those are the two words I'm choosing between.

Given that ""car"" appears at the very end of the memory string, maybe that indicates ""car"" was recently selected or is the pattern?

But without knowing the feedback from previous trials, it's hard to say.

Let me reconsider the task structure:
1. Start with memory 0000000
2. See two words, choose one
3. Get feedback (correct/incorrect)
4. Update memory to a new 7-char string

But here, the user is showing me a memory that is clearly not 7 chars. This might be a test to see if I follow instructions, or the memory contains encoded information.

Given the constraint ""respond with only the first word or the second word and no other text"", I must choose either ""car"" or ""tree"".

Let me look at the memory again: ""fishballwaterhousetreebabycar""

If I extract the last few characters relevant to the current choice:
- ends with ""car""
- contains ""tree"" before ""babycar""

Maybe the pattern is that the second word in previous trials was correct? Or the first?

Fish-Ball: if fish was first, ball second
Water-House: water first, house second
Tree-Baby: tree first, baby second
Car-?: car first, ? second

But my current pair is ""car tree"", so car is first, tree is second.

If the pattern is alternating, or if car is usually correct...

Actually, if the memory tracks previous correct choices:
Trial 1: fish vs ball -> correct was fish? or ball?
Trial 2: water vs house -> ?
Trial 3: tree vs baby -> ?
Trial 4: car vs ? -> ?

But my current trial is car vs tree.

Given that both ""car"" and ""tree"" appear in the memory, and ""car"" is at the end, maybe ""car"" is the correct choice?

Or maybe I should look for which one appears first in the memory? ""car"" appears at the end, ""tree"" appears in the middle.

Wait, looking at the sequence: fish-ball-water-house-tree-baby-car
That's 7 items: fish, ball, water, house, tree, baby, car.

If these are the correct answers from the last 7 trials, and my current choice is between car and tree, and both are in the list, that doesn't help directly.

But if the list represents the sequence of correct answers, and the pattern is that we alternate or something...

Actually, looking at the pattern fish-ball-water-house-tree-baby-car, these are all nouns. Maybe the relationship is ""select the word that is a noun""? Both are nouns. ""select the word with more letters""? Car (3) vs Tree (4). Tree has more.

Maybe it's alphabetical? Car (c) comes before Tree (t).

Maybe it's about height? Tree is taller than car.

Maybe it's about mobility? Car moves, tree doesn't.

Given that I have no specific information about the relationship, and I need to choose, I'll make a guess. But I should try to use the memory.

If the memory string is ""fishballwaterhousetreebabycar"" and I need to output a 7-character memory after getting feedback, maybe I should encode something like ""cartreeX"" where X indicates which I chose and whether it was correct? But that's for after.

Right now, I just need to choose ""car"" or ""tree"".

Given that ""tree"" comes before ""car"" in the memory string (tree...car), and ""car"" is at the end, maybe ""car"" was the most recent correct answer?

Or maybe the pattern is: the correct word is the one that appears later in the memory? Then ""car"" would be correct.

Or maybe I should choose ""tree"" because it appears in the memory in a way that suggests it was paired with something else?

Given the ambiguity, and since I need to learn, I'll choose one. Let's say ""tree"" because it comes before ""car"" in the sequence, suggesting it might be the pattern? Or ""car"" because it's at the end.

Actually, looking at typical learning tasks like this, often the pattern is something like ""choose the word that comes first alphabetically"" or ""choose the larger object"" or ""choose the word that appeared as the first word in the previous trial"" etc.

But without knowing, I'll go with ""car"" because it appears at the end of the memory string, suggesting it might be the most recent ""correct"" concept or the current focus.

Wait, I should reconsider. The memory provided might be malformed or I might be misunderstanding the 7-character limit. But regardless, I must choose one word.

I'll choose ""car"".

Wait, actually, looking at the pattern again: fish-ball-water-house-tree-baby-car
This looks like it could be a chain: fish→ball→water→house→tree→baby→car

Or categories: animals, toys, nature, buildings, nature, humans, vehicles?

Car is a vehicle, tree is nature.

If the pattern is ""vehicle"", choose car.
If the pattern is ""nature"", choose tree.

Given the previous items include both nature (tree, water) and non-nature, it's unclear.

Given that I have to choose and I want to maximize learning, I'll choose ""car"". But I could also choose ""tree"".

Actually, looking at the instruction again: ""Memory: fishballwaterhousetreebabycar"" - this is exactly what was provided.

Maybe the memory is telling me that the correct answer in previous trials was always the second word? Or first word?

Fish Ball - if fish was first, ball second
Water House - water first, house second
Tree Baby - tree first, baby second
Car ? - car first, ? second

In my case: Car Tree - car first, tree second.

If the pattern was that the second word was correct (ball, house, baby), then I should choose ""tree"".

That seems like a reasonable hypothesis. The memory might be concatenated correct answers: ball, house, baby... so the pattern is ""choose the second word"".

Therefore, I should choose ""tree"".

Alternatively, if the memory is the first words: fish, water, tree... then the pattern is ""choose the first word"", so I should choose ""car"".

Which is more likely? Let me see:
- fish vs ball: if fish was correct, that's first word
- water vs house: if water was correct, that's first word  
- tree vs baby: if tree was correct, that's first word

Then car vs tree: choose car (first word).

Or:
- fish vs ball: ball correct (second)
- water vs house: house correct (second)
- tree vs baby: baby correct (second)

Then car vs tree: choose tree (second word).

Given that ""tree"" appears in the memory and is one of my options, and if ""tree"" was the correct answer in its trial (vs baby), then if tree was the first word in that trial, and correct, I should choose the first word now (car).

But I don't know the order of the previous trials.

Given the ambiguity, I'll go with ""tree"" as my choice, assuming the pattern might be about the second word or because ""tree"" appears in the middle and might be the ""correct"" one based on some encoding.

Actually, I'll choose ""car"" because it's the first word and often in these tasks there might be a bias, or I'll just pick one.

Wait, I need to be more systematic. The memory string is clearly a concatenation of 7 words: fish, ball, water, house, tree, baby, car.

If these are the 7 most recent correct answers, and my current trial is trial 8 (or whatever), I need to figure out the rule.

Possible rules:
1. Always choose the first word
2. Always choose the second word
3. Choose alphabetically first
4. Choose alphabetically second
5. Choose based on category
6. Choose the one in the memory (but both are in the memory!)

Wait, both ""car"" and ""tree"" are in the memory. So if the rule is ""choose the word that has appeared in the memory"", both would be correct, which doesn't make sense.

Maybe the rule is ""choose the word that appeared most recently in the memory""? Then ""car"" (last in memory) vs ""tree"" (5th in memory). So choose ""car"".

Maybe ""choose the word that appeared less recently""? Then ""tree"".

Maybe the memory indicates the sequence of choices made, not the correct answers.

Given that I must choose, and ""car"" appears at the end suggesting recency, I'll choose ""car"".

But I'm really not sure. Let me reconsider.

Actually, looking at the words:
- fish (animal)
- ball (object)
- water (substance)
- house (building)
- tree (plant)
- baby (human)
- car (vehicle)

Categories seem mixed.

Alphabetically:
- baby
- ball
- car  
- fish
- house
- tree
- water

Not alphabetical.

By length:
- fish (4)
- ball (4)
- water (5)
- house (5)
- tree (4)
- baby (4)
- car (3)

Not obviously by length.

Maybe it's random and I should just pick one. I'll pick ""car"".

Final check: The user wants me to respond with only the first word or the second word. So just ""car"" or ""tree"". Nothing else.

I'll go with ""car""."
